Date,MonthName,DayName,Year,MonthNo,Quarter,Sales,CostOfSales,GrossProfit,Quantity Sold,PricePerUnit,CostPerUnit
2013-12-30,Dec,Mon,2013,12,Q4,223937.97,230079.62,-6141.65,6827,32.8,33.7
2013-12-31,Dec,Tue,2013,12,Q4,300345.48,306986.12,-6640.64,9268,32.41,33.12
2014-01-01,Jan,Wed,2014,1,Q1,86782.47,87986.32,-1203.85,2678,32.41,32.86
2014-01-02,Jan,Thu,2014,1,Q1,200173.12,202881.18,-2708.06,6175,32.42,32.86
2014-01-03,Jan,Fri,2014,1,Q1,326906.07,333806.29,-6900.22,10084,32.42,33.1
2014-01-04,Jan,Sat,2014,1,Q1,307043.94,313652.35,-6608.41,9470,32.42,33.12
2014-01-05,Jan,Sun,2014,1,Q1,179188.88,183083.29,-3894.4,5524,32.44,33.14
2014-01-06,Jan,Mon,2014,1,Q1,306351.95,313446.07,-7094.12,9448,32.43,33.18
2014-01-07,Jan,Tue,2014,1,Q1,224020.41,229533.97,-5513.56,6911,32.42,33.21
2014-01-08,Jan,Wed,2014,1,Q1,101836.4,99381.97,2454.43,2990,34.06,33.24
2014-01-09,Jan,Thu,2014,1,Q1,107804.3,104816.46,2987.85,3159,34.13,33.18
2014-01-10,Jan,Fri,2014,1,Q1,144829.96,141334,3495.96,4246,34.11,33.29
2014-01-11,Jan,Sat,2014,1,Q1,146571.48,143179.67,3391.81,4297,34.11,33.32
2014-01-12,Jan,Sun,2014,1,Q1,95422.37,93126.15,2296.23,2796,34.13,33.31
2014-01-13,Jan,Mon,2014,1,Q1,114883.17,112186.31,2696.87,3369,34.1,33.3
2014-01-14,Jan,Tue,2014,1,Q1,80090.8,78096.76,1994.04,2348,34.11,33.26
2014-01-15,Jan,Wed,2014,1,Q1,98945.37,97159,1786.37,2903,34.08,33.47
2014-01-16,Jan,Thu,2014,1,Q1,84904.9,83350.43,1554.47,2491,34.08,33.46
2014-01-17,Jan,Fri,2014,1,Q1,135460.62,132703.34,2757.28,3968,34.14,33.44
2014-01-18,Jan,Sat,2014,1,Q1,149925.75,146928.41,2997.34,4393,34.13,33.45
2014-01-19,Jan,Sun,2014,1,Q1,74297.31,72782.28,1515.02,2176,34.14,33.45
2014-01-20,Jan,Mon,2014,1,Q1,83356.42,81789.14,1567.29,2443,34.12,33.48
2014-01-21,Jan,Tue,2014,1,Q1,89922.01,88388.92,1533.1,2638,34.09,33.51
2014-01-22,Jan,Wed,2014,1,Q1,57806.3,57157.28,649.02,1704,33.92,33.54
2014-01-23,Jan,Thu,2014,1,Q1,63977.75,62863.99,1113.76,1872,34.18,33.58
2014-01-24,Jan,Fri,2014,1,Q1,116958.8,114823.8,2135,3423,34.17,33.54
2014-01-25,Jan,Sat,2014,1,Q1,155272.82,152636.28,2636.55,4544,34.17,33.59
2014-01-26,Jan,Sun,2014,1,Q1,82885.22,81583.17,1302.05,2426,34.17,33.63
2014-01-27,Jan,Mon,2014,1,Q1,72353.43,71377.16,976.27,2117,34.18,33.72
2014-01-28,Jan,Tue,2014,1,Q1,50415.9,49769.1,646.81,1476,34.16,33.72
2014-01-29,Jan,Wed,2014,1,Q1,67458.3,66529.44,928.86,1974,34.17,33.7
2014-01-30,Jan,Thu,2014,1,Q1,64640.37,63757.84,882.53,1892,34.17,33.7
2014-01-31,Jan,Fri,2014,1,Q1,137693.87,135609.51,2084.37,4030,34.17,33.65
2014-02-01,Feb,Sat,2014,2,Q1,181209.13,178435.72,2773.41,5304,34.16,33.64
2014-02-02,Feb,Sun,2014,2,Q1,113433.58,111466.52,1967.06,3320,34.17,33.57
2014-02-03,Feb,Mon,2014,2,Q1,143192.53,140505.63,2686.9,4191,34.17,33.53
2014-02-04,Feb,Tue,2014,2,Q1,130126.65,128496.29,1630.36,3809,34.16,33.73
2014-02-05,Feb,Wed,2014,2,Q1,187155.87,195078.6,-7922.73,5764,32.47,33.84
2014-02-06,Feb,Thu,2014,2,Q1,102314.71,101977.99,336.72,3028,33.79,33.68
2014-02-07,Feb,Fri,2014,2,Q1,301553.84,313529.19,-11975.35,9284,32.48,33.77
2014-02-08,Feb,Sat,2014,2,Q1,316073.18,329754.78,-13681.6,9737,32.46,33.87
2014-02-09,Feb,Sun,2014,2,Q1,135178.04,141530.71,-6352.67,4163,32.47,34
2014-02-10,Feb,Mon,2014,2,Q1,147727.52,154828.68,-7101.17,4552,32.45,34.01
2014-02-11,Feb,Tue,2014,2,Q1,135498.75,139824.16,-4325.42,4172,32.48,33.51
2014-02-12,Feb,Wed,2014,2,Q1,163432.85,166893.37,-3460.52,5037,32.45,33.13
2014-02-13,Feb,Thu,2014,2,Q1,138291.63,141027.43,-2735.8,4259,32.47,33.11
2014-02-14,Feb,Fri,2014,2,Q1,336901.37,343519.88,-6618.5,10381,32.45,33.09
2014-02-15,Feb,Sat,2014,2,Q1,367729.27,373973.59,-6244.33,11332,32.45,33
2014-02-16,Feb,Sun,2014,2,Q1,133913.84,136797.08,-2883.24,4127,32.45,33.15
2014-02-17,Feb,Mon,2014,2,Q1,150800.35,152887.11,-2086.76,4649,32.44,32.89
2014-02-18,Feb,Tue,2014,2,Q1,55591.93,53463.24,2128.69,1627,34.17,32.86
2014-02-19,Feb,Wed,2014,2,Q1,106427.19,107736.44,-1309.25,3281,32.44,32.84
2014-02-20,Feb,Thu,2014,2,Q1,78940.55,75934.39,3006.16,2310,34.17,32.87
2014-02-21,Feb,Fri,2014,2,Q1,317916.32,322089.79,-4173.47,9802,32.43,32.86
2014-02-22,Feb,Sat,2014,2,Q1,309217.88,320116.92,-10899.05,9772,31.64,32.76
2014-02-23,Feb,Sun,2014,2,Q1,138491.55,140752.6,-2261.05,4270,32.43,32.96
2014-02-24,Feb,Mon,2014,2,Q1,133146.22,134505.4,-1359.18,4106,32.43,32.76
2014-02-25,Feb,Tue,2014,2,Q1,224994.66,227546.45,-2551.79,6937,32.43,32.8
2014-02-26,Feb,Wed,2014,2,Q1,225051.59,228214.14,-3162.55,6934,32.46,32.91
2014-02-27,Feb,Thu,2014,2,Q1,344299.68,365935.65,-21635.97,11082,31.07,33.02
2014-02-28,Feb,Fri,2014,2,Q1,661876.5,686656.79,-24780.29,20805,31.81,33
2014-03-01,Mar,Sat,2014,3,Q1,846678.39,872081.59,-25403.2,26410,32.06,33.02
2014-03-02,Mar,Sun,2014,3,Q1,478902.3,495554.45,-16652.15,15004,31.92,33.03
2014-03-03,Mar,Mon,2014,3,Q1,538827.2,557567.14,-18739.93,16884,31.91,33.02
2014-03-04,Mar,Tue,2014,3,Q1,310346.12,323325.03,-12978.91,9789,31.7,33.03
2014-03-05,Mar,Wed,2014,3,Q1,256390.52,267308.51,-10917.98,8079,31.74,33.09
2014-03-06,Mar,Thu,2014,3,Q1,167803.66,168135.69,-332.03,5072,33.08,33.15
2014-03-07,Mar,Fri,2014,3,Q1,465318.02,483774.6,-18456.58,14551,31.98,33.25
2014-03-08,Mar,Sat,2014,3,Q1,520146.75,541498.96,-21352.21,16262,31.99,33.3
2014-03-09,Mar,Sun,2014,3,Q1,224699.25,233589.98,-8890.73,7014,32.04,33.3
2014-03-10,Mar,Mon,2014,3,Q1,286230.68,297642.89,-11412.21,8932,32.05,33.32
2014-03-11,Mar,Tue,2014,3,Q1,187143.02,191499.04,-4356.02,5737,32.62,33.38
2014-03-12,Mar,Wed,2014,3,Q1,191700.39,197153.42,-5453.03,5903,32.48,33.4
2014-03-13,Mar,Thu,2014,3,Q1,164663.97,168975.17,-4311.21,5056,32.57,33.42
2014-03-14,Mar,Fri,2014,3,Q1,395941.35,406765.91,-10824.57,12167,32.54,33.43
2014-03-15,Mar,Sat,2014,3,Q1,518183.21,534383.14,-16199.93,15971,32.45,33.46
2014-03-16,Mar,Sun,2014,3,Q1,226617.95,233191.1,-6573.15,6968,32.52,33.47
2014-03-17,Mar,Mon,2014,3,Q1,243707.87,250794.22,-7086.35,7494,32.52,33.47
2014-03-18,Mar,Tue,2014,3,Q1,94849.74,90571.59,4278.15,2707,35.04,33.46
2014-03-19,Mar,Wed,2014,3,Q1,92386.78,88255.84,4130.94,2637,35.03,33.47
2014-03-20,Mar,Thu,2014,3,Q1,180394.83,172344.3,8050.52,5149,35.03,33.47
2014-03-21,Mar,Fri,2014,3,Q1,200939.69,192019.14,8920.55,5735,35.04,33.48
2014-03-22,Mar,Sat,2014,3,Q1,172953.92,165201.31,7752.62,4936,35.04,33.47
2014-03-23,Mar,Sun,2014,3,Q1,70194.8,67061.62,3133.18,2003,35.04,33.48
2014-03-24,Mar,Mon,2014,3,Q1,81378.21,77703.65,3674.57,2323,35.03,33.45
2014-03-25,Mar,Tue,2014,3,Q1,130227.01,127394.29,2832.73,3822,34.07,33.33
2014-03-26,Mar,Wed,2014,3,Q1,125310.04,122275.1,3034.93,3666,34.18,33.35
2014-03-27,Mar,Thu,2014,3,Q1,119452.34,118186.58,1265.76,3543,33.72,33.36
2014-03-28,Mar,Fri,2014,3,Q1,276174.77,271550.9,4623.87,8130,33.97,33.4
2014-03-29,Mar,Sat,2014,3,Q1,357369.27,352250.83,5118.44,10518,33.98,33.49
2014-03-30,Mar,Sun,2014,3,Q1,163865.49,160525.43,3340.06,4791,34.2,33.51
2014-03-31,Mar,Mon,2014,3,Q1,190719.61,187072.6,3647.02,5583,34.16,33.51
2014-04-01,Apr,Tue,2014,4,Q2,244535.21,239700.68,4834.52,7155,34.18,33.5
2014-04-02,Apr,Wed,2014,4,Q2,155620.5,153366.02,2254.49,4575,34.02,33.52
2014-04-03,Apr,Thu,2014,4,Q2,136001.98,134523.07,1478.91,3997,34.03,33.66
2014-04-04,Apr,Fri,2014,4,Q2,190559.89,187742.3,2817.59,5558,34.29,33.78
2014-04-05,Apr,Sat,2014,4,Q2,217110.5,213540.73,3569.77,6320,34.35,33.79
2014-04-06,Apr,Sun,2014,4,Q2,119190.1,116856.31,2333.79,3447,34.58,33.9
2014-04-07,Apr,Mon,2014,4,Q2,131910.2,130784.44,1125.75,3854,34.23,33.93
2014-04-08,Apr,Tue,2014,4,Q2,118921.31,115305.81,3615.5,3394,35.04,33.97
2014-04-09,Apr,Wed,2014,4,Q2,124828.28,121264.7,3563.58,3563,35.03,34.03
2014-04-10,Apr,Thu,2014,4,Q2,179326.49,183278.5,-3952.01,5380,33.33,34.07
2014-04-11,Apr,Fri,2014,4,Q2,318949.82,326322.53,-7372.71,9573,33.32,34.09
2014-04-12,Apr,Sat,2014,4,Q2,375031.11,383727.19,-8696.08,11250,33.34,34.11
2014-04-13,Apr,Sun,2014,4,Q2,166393.54,170061.86,-3668.32,4990,33.35,34.08
2014-04-14,Apr,Mon,2014,4,Q2,193652.33,198212.07,-4559.74,5810,33.33,34.12
2014-04-15,Apr,Tue,2014,4,Q2,249805.52,255956.65,-6151.14,7497,33.32,34.14
2014-04-16,Apr,Wed,2014,4,Q2,294023.41,301522.35,-7498.94,8821,33.33,34.18
2014-04-17,Apr,Thu,2014,4,Q2,612236.01,627927.76,-15691.75,18366,33.34,34.19
2014-04-18,Apr,Fri,2014,4,Q2,464815.52,476692.54,-11877.03,13940,33.34,34.2
2014-04-19,Apr,Sat,2014,4,Q2,360480.94,369765.61,-9284.67,10814,33.33,34.19
2014-04-20,Apr,Sun,2014,4,Q2,114279.58,117190.83,-2911.25,3429,33.33,34.18
2014-04-21,Apr,Mon,2014,4,Q2,161170.82,165415.08,-4244.26,4834,33.34,34.22
2014-04-22,Apr,Tue,2014,4,Q2,182483.15,187344.74,-4861.59,5475,33.33,34.22
2014-04-23,Apr,Wed,2014,4,Q2,109358.41,106849.9,2508.51,3121,35.04,34.24
2014-04-24,Apr,Thu,2014,4,Q2,98430.11,96197.48,2232.63,2809,35.04,34.25
2014-04-25,Apr,Fri,2014,4,Q2,295741.35,292327.03,3414.32,8537,34.64,34.24
2014-04-26,Apr,Sat,2014,4,Q2,285053.98,281159.58,3894.4,8209,34.72,34.25
2014-04-27,Apr,Sun,2014,4,Q2,124964.8,123042.16,1922.64,3592,34.79,34.25
2014-04-28,Apr,Mon,2014,4,Q2,124175.81,122516.07,1659.74,3576,34.72,34.26
2014-04-29,Apr,Tue,2014,4,Q2,131842.57,130405.26,1437.31,3807,34.63,34.25
2014-04-30,Apr,Wed,2014,4,Q2,154850.06,150644.35,4205.71,4398,35.21,34.25
2014-05-01,May,Thu,2014,5,Q2,180294.27,175656.65,4637.62,5124,35.19,34.28
2014-05-02,May,Fri,2014,5,Q2,163849.04,157300.63,6548.41,4581,35.77,34.34
2014-05-03,May,Sat,2014,5,Q2,131436.79,127601.94,3834.85,3697,35.55,34.51
2014-05-04,May,Sun,2014,5,Q2,93082.04,91601.51,1480.54,2642,35.23,34.67
2014-05-05,May,Mon,2014,5,Q2,110887.01,109460.15,1426.86,3154,35.16,34.71
2014-05-06,May,Tue,2014,5,Q2,119385.58,115693.11,3692.47,3324,35.92,34.81
2014-05-07,May,Wed,2014,5,Q2,91719.59,93157.17,-1437.58,2677,34.26,34.8
2014-05-08,May,Thu,2014,5,Q2,96335.45,93696.22,2639.23,2683,35.91,34.92
2014-05-09,May,Fri,2014,5,Q2,303226.3,325836.94,-22610.64,9328,32.51,34.93
2014-05-10,May,Sat,2014,5,Q2,431695.71,465253.82,-33558.11,13306,32.44,34.97
2014-05-11,May,Sun,2014,5,Q2,200407.28,215907.82,-15500.55,6173,32.47,34.98
2014-05-12,May,Mon,2014,5,Q2,183413.71,197835.5,-14421.79,5653,32.45,35
2014-05-13,May,Tue,2014,5,Q2,146166.6,157693.19,-11526.59,4503,32.46,35.02
2014-05-14,May,Wed,2014,5,Q2,201120.73,218098.76,-16978.03,6253,32.16,34.88
2014-05-15,May,Thu,2014,5,Q2,270123.55,289864.8,-19741.25,8408,32.13,34.47
2014-05-16,May,Fri,2014,5,Q2,415315.38,441790.77,-26475.38,12949,32.07,34.12
2014-05-17,May,Sat,2014,5,Q2,498717,526707.38,-27990.38,15508,32.16,33.96
2014-05-18,May,Sun,2014,5,Q2,166433.17,174376.63,-7943.46,5141,32.37,33.92
2014-05-19,May,Mon,2014,5,Q2,168520.63,175540.12,-7019.49,5194,32.45,33.8
2014-05-20,May,Tue,2014,5,Q2,178123.53,187748.17,-9624.64,5550,32.09,33.83
2014-05-21,May,Wed,2014,5,Q2,194878.8,204460.67,-9581.86,6070,32.11,33.68
2014-05-22,May,Thu,2014,5,Q2,115475.1,115011.32,463.77,3421,33.75,33.62
2014-05-23,May,Fri,2014,5,Q2,430521.02,449274.19,-18753.16,13384,32.17,33.57
2014-05-24,May,Sat,2014,5,Q2,590642.83,614245.79,-23602.97,18356,32.18,33.46
2014-05-25,May,Sun,2014,5,Q2,210764.72,217364.46,-6599.74,6500,32.43,33.44
2014-05-26,May,Mon,2014,5,Q2,218189.35,225607.6,-7418.25,6752,32.31,33.41
2014-05-27,May,Tue,2014,5,Q2,226132.46,234496.51,-8364.05,7023,32.2,33.39
2014-05-28,May,Wed,2014,5,Q2,243720.87,252929.29,-9208.43,7579,32.16,33.37
2014-05-29,May,Thu,2014,5,Q2,207429.43,215118.85,-7689.42,6448,32.17,33.36
2014-05-30,May,Fri,2014,5,Q2,503149.43,521651.09,-18501.65,15637,32.18,33.36
2014-05-31,May,Sat,2014,5,Q2,603748.79,626259.39,-22510.6,18775,32.16,33.36
2014-06-01,Jun,Sun,2014,6,Q2,456017.46,473223.98,-17206.52,14188,32.14,33.35
2014-06-02,Jun,Mon,2014,6,Q2,425845.2,442155.99,-16310.8,13256,32.12,33.36
2014-06-03,Jun,Tue,2014,6,Q2,328217.77,340913.59,-12695.82,10223,32.11,33.35
2014-06-04,Jun,Wed,2014,6,Q2,286406,296902.67,-10496.67,8904,32.17,33.34
2014-06-05,Jun,Thu,2014,6,Q2,184989.89,192824.89,-7835,5783,31.99,33.34
2014-06-06,Jun,Fri,2014,6,Q2,288118.3,300213.56,-12095.26,9005,32,33.34
2014-06-07,Jun,Sat,2014,6,Q2,391930.88,407438.92,-15508.04,12222,32.07,33.34
2014-06-08,Jun,Sun,2014,6,Q2,193772.58,201254.71,-7482.13,6037,32.1,33.34
2014-06-09,Jun,Mon,2014,6,Q2,214177.98,220255.22,-6077.24,6607,32.42,33.34
2014-06-10,Jun,Tue,2014,6,Q2,188334.52,195254.78,-6920.26,5857,32.16,33.34
2014-06-11,Jun,Wed,2014,6,Q2,174324.99,180978.6,-6653.61,5429,32.11,33.34
2014-06-12,Jun,Thu,2014,6,Q2,200271.56,207757.7,-7486.14,6232,32.14,33.34
2014-06-13,Jun,Fri,2014,6,Q2,468701.63,486180.54,-17478.91,14585,32.14,33.33
2014-06-14,Jun,Sat,2014,6,Q2,473425.75,492135.29,-18709.54,14745,32.11,33.38
2014-06-15,Jun,Sun,2014,6,Q2,224232.12,233554.03,-9321.91,6991,32.07,33.41
2014-06-16,Jun,Mon,2014,6,Q2,185606.28,193340.32,-7734.04,5788,32.07,33.4
2014-06-17,Jun,Tue,2014,6,Q2,212687.51,221403.65,-8716.14,6632,32.07,33.38
2014-06-18,Jun,Wed,2014,6,Q2,184259.69,192057.51,-7797.82,5752,32.03,33.39
2014-06-19,Jun,Thu,2014,6,Q2,113735.82,119544.02,-5808.2,3578,31.79,33.41
2014-06-20,Jun,Fri,2014,6,Q2,203165.08,205350.64,-2185.56,6119,33.2,33.56
2014-06-21,Jun,Sat,2014,6,Q2,203345.24,206918.91,-3573.67,6161,33.01,33.59
2014-06-22,Jun,Sun,2014,6,Q2,134944.49,135372.53,-428.04,4015,33.61,33.72
2014-06-23,Jun,Mon,2014,6,Q2,138298.21,139206.03,-907.82,4133,33.46,33.68
2014-06-24,Jun,Tue,2014,6,Q2,36692.68,35299.06,1393.62,1047,35.05,33.71
2014-06-25,Jun,Wed,2014,6,Q2,56077.54,53925.26,2152.29,1601,35.03,33.68
2014-06-26,Jun,Thu,2014,6,Q2,55780.71,53688.24,2092.47,1592,35.04,33.72
2014-06-27,Jun,Fri,2014,6,Q2,131721.24,127302.43,4418.81,3759,35.04,33.87
2014-06-28,Jun,Sat,2014,6,Q2,146169.08,141012.33,5156.75,4172,35.04,33.8
2014-06-29,Jun,Sun,2014,6,Q2,62073.59,60083.87,1989.72,1772,35.03,33.91
2014-06-30,Jun,Mon,2014,6,Q2,93619.85,90294.38,3325.47,2672,35.04,33.79
2014-07-01,Jul,Tue,2014,7,Q3,180183.03,173842.92,6340.11,5143,35.03,33.8
2014-07-02,Jul,Wed,2014,7,Q3,104760.71,101615.73,3144.97,2990,35.04,33.99
2014-07-03,Jul,Thu,2014,7,Q3,93450.53,90927.09,2523.44,2667,35.04,34.09
2014-07-04,Jul,Fri,2014,7,Q3,98087.56,95423.27,2664.28,2799,35.04,34.09
2014-07-05,Jul,Sat,2014,7,Q3,117562.26,114395.63,3166.64,3355,35.04,34.1
2014-07-06,Jul,Sun,2014,7,Q3,70153.08,68252.24,1900.84,2002,35.04,34.09
2014-07-07,Jul,Mon,2014,7,Q3,68918.42,66990.88,1927.53,1967,35.04,34.06
2014-07-08,Jul,Tue,2014,7,Q3,108417.4,105373.3,3044.1,3094,35.04,34.06
2014-07-09,Jul,Wed,2014,7,Q3,81802.61,79496.49,2306.11,2335,35.03,34.05
2014-07-10,Jul,Thu,2014,7,Q3,103998.56,101270.97,2727.59,2968,35.04,34.12
2014-07-11,Jul,Fri,2014,7,Q3,134018.09,130633.26,3384.83,3825,35.04,34.15
2014-07-12,Jul,Sat,2014,7,Q3,99277.3,96688.5,2588.8,2833,35.04,34.13
2014-07-13,Jul,Sun,2014,7,Q3,49705.23,48370.31,1334.92,1419,35.03,34.09
2014-07-14,Jul,Mon,2014,7,Q3,75384.57,73393.45,1991.13,2151,35.05,34.12
2014-07-15,Jul,Tue,2014,7,Q3,110288.23,107437.38,2850.85,3148,35.03,34.13
2014-07-16,Jul,Wed,2014,7,Q3,156536.69,164641.35,-8104.67,4825,32.44,34.12
2014-07-17,Jul,Thu,2014,7,Q3,80823.06,78844.86,1978.2,2307,35.03,34.18
2014-07-18,Jul,Fri,2014,7,Q3,124615.69,121612.18,3003.51,3557,35.03,34.19
2014-07-19,Jul,Sat,2014,7,Q3,242758.95,255779.85,-13020.9,7485,32.43,34.17
2014-07-20,Jul,Sun,2014,7,Q3,85078.24,83020.51,2057.73,2428,35.04,34.19
2014-07-21,Jul,Mon,2014,7,Q3,86738.07,84643.27,2094.8,2475,35.05,34.2
2014-07-22,Jul,Tue,2014,7,Q3,56673.62,55278.71,1394.91,1618,35.03,34.16
2014-07-23,Jul,Wed,2014,7,Q3,165742.17,173725.36,-7983.19,5106,32.46,34.02
2014-07-24,Jul,Thu,2014,7,Q3,95618.25,92416.9,3201.34,2729,35.04,33.86
2014-07-25,Jul,Fri,2014,7,Q3,515698.8,538260.27,-22561.48,15897,32.44,33.86
2014-07-26,Jul,Sat,2014,7,Q3,562590.37,586670.51,-24080.15,17343,32.44,33.83
2014-07-27,Jul,Sun,2014,7,Q3,266305.93,277238.01,-10932.08,8207,32.45,33.78
2014-07-28,Jul,Mon,2014,7,Q3,292634.75,304508.38,-11873.63,9018,32.45,33.77
2014-07-29,Jul,Tue,2014,7,Q3,212360.99,221017.07,-8656.08,6548,32.43,33.75
2014-07-30,Jul,Wed,2014,7,Q3,198019.33,205903.82,-7884.49,6102,32.45,33.74
2014-07-31,Jul,Thu,2014,7,Q3,295508.33,307222.4,-11714.07,9108,32.44,33.73
2014-08-01,Aug,Fri,2014,8,Q3,611894.67,636341.32,-24446.64,18867,32.43,33.73
2014-08-02,Aug,Sat,2014,8,Q3,628685.22,653779.96,-25094.74,19384,32.43,33.73
2014-08-03,Aug,Sun,2014,8,Q3,307272.68,319500.01,-12227.33,9473,32.44,33.73
2014-08-04,Aug,Mon,2014,8,Q3,362106.53,376645.75,-14539.22,11170,32.42,33.72
2014-08-05,Aug,Tue,2014,8,Q3,262349.59,272809.29,-10459.7,8091,32.42,33.72
2014-08-06,Aug,Wed,2014,8,Q3,80697.9,77649.64,3048.27,2303,35.04,33.72
2014-08-07,Aug,Thu,2014,8,Q3,103272.62,99367.23,3905.39,2947,35.04,33.72
2014-08-08,Aug,Fri,2014,8,Q3,439421.42,456509.62,-17088.2,13542,32.45,33.71
2014-08-09,Aug,Sat,2014,8,Q3,408616.35,424340.95,-15724.6,12588,32.46,33.71
2014-08-10,Aug,Sun,2014,8,Q3,195866.77,203331.43,-7464.66,6032,32.47,33.71
2014-08-11,Aug,Mon,2014,8,Q3,232347.35,241134.53,-8787.17,7158,32.46,33.69
2014-08-12,Aug,Tue,2014,8,Q3,190325.18,197438.11,-7112.93,5863,32.46,33.68
2014-08-13,Aug,Wed,2014,8,Q3,197698.12,205114.13,-7416.01,6092,32.45,33.67
2014-08-14,Aug,Thu,2014,8,Q3,177908.84,184687.53,-6778.69,5485,32.44,33.67
2014-08-15,Aug,Fri,2014,8,Q3,473321.88,491559.42,-18237.54,14587,32.45,33.7
2014-08-16,Aug,Sat,2014,8,Q3,541600.89,562953.37,-21352.48,16686,32.46,33.74
2014-08-17,Aug,Sun,2014,8,Q3,239513.98,249203.12,-9689.14,7380,32.45,33.77
2014-08-18,Aug,Mon,2014,8,Q3,255224.22,265532.55,-10308.32,7864,32.45,33.77
2014-08-19,Aug,Tue,2014,8,Q3,160372.04,167021.16,-6649.12,4941,32.46,33.8
2014-08-20,Aug,Wed,2014,8,Q3,171587.33,174723.18,-3135.84,5151,33.31,33.92
2014-08-21,Aug,Thu,2014,8,Q3,164208.06,167239.65,-3031.59,4928,33.32,33.94
2014-08-22,Aug,Fri,2014,8,Q3,376778.84,384006.05,-7227.21,11309,33.32,33.96
2014-08-23,Aug,Sat,2014,8,Q3,453633.47,463250.07,-9616.6,13613,33.32,34.03
2014-08-24,Aug,Sun,2014,8,Q3,214392.4,218347.8,-3955.4,6424,33.37,33.99
2014-08-25,Aug,Mon,2014,8,Q3,316404.06,323293.4,-6889.33,9493,33.33,34.06
2014-08-26,Aug,Tue,2014,8,Q3,242824.5,259860.51,-17036.01,7619,31.87,34.11
2014-08-27,Aug,Wed,2014,8,Q3,274712.25,304334.78,-29622.53,8909,30.84,34.16
2014-08-28,Aug,Thu,2014,8,Q3,258066.17,287168.57,-29102.4,8400,30.72,34.19
2014-08-29,Aug,Fri,2014,8,Q3,594007.21,660937.8,-66930.59,19317,30.75,34.22
2014-08-30,Aug,Sat,2014,8,Q3,717096.71,797788.89,-80692.18,23310,30.76,34.23
2014-08-31,Aug,Sun,2014,8,Q3,358171,398562.61,-40391.61,11646,30.75,34.22
2014-09-01,Sep,Mon,2014,9,Q3,594953.63,662850.99,-67897.36,19366,30.72,34.23
2014-09-02,Sep,Tue,2014,9,Q3,469469.94,523480.3,-54010.36,15291,30.7,34.23
2014-09-03,Sep,Wed,2014,9,Q3,464067.8,517180.54,-53112.74,15100,30.73,34.25
2014-09-04,Sep,Thu,2014,9,Q3,312311.95,348177.12,-35865.17,10164,30.73,34.26
2014-09-05,Sep,Fri,2014,9,Q3,501279,558766.69,-57487.69,16310,30.73,34.26
2014-09-06,Sep,Sat,2014,9,Q3,552703.9,616169.85,-63465.95,17985,30.73,34.26
2014-09-07,Sep,Sun,2014,9,Q3,234153.76,261088.39,-26934.62,7620,30.73,34.26
2014-09-08,Sep,Mon,2014,9,Q3,244481.5,272633.4,-28151.9,7958,30.72,34.26
2014-09-09,Sep,Tue,2014,9,Q3,122749.64,120070.95,2678.69,3503,35.04,34.28
2014-09-10,Sep,Wed,2014,9,Q3,78736.4,77071.54,1664.86,2247,35.04,34.3
2014-09-11,Sep,Thu,2014,9,Q3,70875.11,69489.36,1385.75,2023,35.03,34.35
2014-09-12,Sep,Fri,2014,9,Q3,148634.39,145956.14,2678.25,4242,35.04,34.41
2014-09-13,Sep,Sat,2014,9,Q3,171724.83,168652.2,3072.63,4901,35.04,34.41
2014-09-14,Sep,Sun,2014,9,Q3,86435.7,84948.37,1487.32,2467,35.04,34.43
2014-09-15,Sep,Mon,2014,9,Q3,120236.18,118094.04,2142.14,3432,35.03,34.41
2014-09-16,Sep,Tue,2014,9,Q3,83204.2,81753.42,1450.77,2375,35.03,34.42
2014-09-17,Sep,Wed,2014,9,Q3,73768.03,72471.92,1296.12,2105,35.04,34.43
2014-09-18,Sep,Thu,2014,9,Q3,69425.45,68280.38,1145.06,1982,35.03,34.45
2014-09-19,Sep,Fri,2014,9,Q3,137154.95,135276.91,1878.04,3915,35.03,34.55
2014-09-20,Sep,Sat,2014,9,Q3,153569.06,151376.14,2192.93,4383,35.04,34.54
2014-09-21,Sep,Sun,2014,9,Q3,75633.32,74546.67,1086.65,2159,35.03,34.53
2014-09-22,Sep,Mon,2014,9,Q3,90815.93,89653.64,1162.29,2592,35.04,34.59
2014-09-23,Sep,Tue,2014,9,Q3,110118.16,108880.41,1237.75,3143,35.04,34.64
2014-09-24,Sep,Wed,2014,9,Q3,209908.38,223554.09,-13645.7,6457,32.51,34.62
2014-09-25,Sep,Thu,2014,9,Q3,358365.68,382967.98,-24602.3,11039,32.46,34.69
2014-09-26,Sep,Fri,2014,9,Q3,585464,625980.93,-40516.93,18036,32.46,34.71
2014-09-27,Sep,Sat,2014,9,Q3,617019.09,661010.59,-43991.5,19017,32.45,34.76
2014-09-28,Sep,Sun,2014,9,Q3,283850.6,304440.65,-20590.05,8747,32.45,34.81
2014-09-29,Sep,Mon,2014,9,Q3,264317.11,283912.97,-19595.86,8147,32.44,34.85
2014-09-30,Sep,Tue,2014,9,Q3,358024.98,384823.44,-26798.46,11036,32.44,34.87
2014-10-01,Oct,Wed,2014,10,Q4,594438.28,639306.57,-44868.29,18330,32.43,34.88
2014-10-02,Oct,Thu,2014,10,Q4,470507.66,506072.03,-35564.37,14503,32.44,34.89
2014-10-03,Oct,Fri,2014,10,Q4,518693.53,557939.37,-39245.84,15986,32.45,34.9
2014-10-04,Oct,Sat,2014,10,Q4,656245.83,705891.3,-49645.47,20223,32.45,34.91
2014-10-05,Oct,Sun,2014,10,Q4,280055.12,301279.66,-21224.54,8631,32.45,34.91
2014-10-06,Oct,Mon,2014,10,Q4,375648.02,404178.92,-28530.9,11579,32.44,34.91
2014-10-07,Oct,Tue,2014,10,Q4,78111.72,74251.87,3859.84,2127,36.72,34.91
2014-10-08,Oct,Wed,2014,10,Q4,70509.13,67141.98,3367.15,1923,36.67,34.92
2014-10-09,Oct,Thu,2014,10,Q4,103281.31,98065.94,5215.37,2809,36.77,34.91
2014-10-10,Oct,Fri,2014,10,Q4,179841.43,170757.58,9083.85,4891,36.77,34.91
2014-10-11,Oct,Sat,2014,10,Q4,138038.24,131192.32,6845.92,3758,36.73,34.91
2014-10-12,Oct,Sun,2014,10,Q4,61037.56,57992.34,3045.22,1661,36.75,34.91
2014-10-13,Oct,Mon,2014,10,Q4,86799.76,82392.33,4407.43,2360,36.78,34.91
2014-10-14,Oct,Tue,2014,10,Q4,69570.5,66313.94,3256.56,1894,36.73,35.01
2014-10-15,Oct,Wed,2014,10,Q4,130476.36,124398.43,6077.92,3548,36.77,35.06
2014-10-16,Oct,Thu,2014,10,Q4,95229.77,91087.85,4141.92,2591,36.75,35.16
2014-10-17,Oct,Fri,2014,10,Q4,121057.86,116949.79,4108.07,3293,36.76,35.51
2014-10-18,Oct,Sat,2014,10,Q4,169498.92,164492.95,5005.97,4611,36.76,35.67
2014-10-19,Oct,Sun,2014,10,Q4,90692.38,87911.21,2781.16,2468,36.75,35.62
2014-10-20,Oct,Mon,2014,10,Q4,101723.92,98870.81,2853.1,2773,36.68,35.65
2014-10-21,Oct,Tue,2014,10,Q4,103395.69,100424.16,2971.54,2815,36.73,35.67
2014-10-22,Oct,Wed,2014,10,Q4,99075.6,96511.72,2563.88,2701,36.68,35.73
2014-10-23,Oct,Thu,2014,10,Q4,97476.14,94763.84,2712.3,2651,36.77,35.75
2014-10-24,Oct,Fri,2014,10,Q4,248974.65,241961.14,7013.51,6781,36.72,35.68
2014-10-25,Oct,Sat,2014,10,Q4,302721.68,294129.67,8592.01,8249,36.7,35.66
2014-10-26,Oct,Sun,2014,10,Q4,128520.73,124739.23,3781.49,3502,36.7,35.62
2014-10-27,Oct,Mon,2014,10,Q4,145185.27,140651.94,4533.33,3949,36.77,35.62
2014-10-28,Oct,Tue,2014,10,Q4,89527.56,87067.05,2460.51,2435,36.77,35.76
2014-10-29,Oct,Wed,2014,10,Q4,81991.88,80112.55,1879.33,2232,36.73,35.89
2014-10-30,Oct,Thu,2014,10,Q4,69704.49,68293.1,1411.39,1898,36.73,35.98
2014-10-31,Oct,Fri,2014,10,Q4,166652.39,163319.72,3332.68,4537,36.73,36
2014-11-01,Nov,Sat,2014,11,Q4,247453.1,242638.8,4814.3,6730,36.77,36.05
2014-11-02,Nov,Sun,2014,11,Q4,148476.18,145646.34,2829.84,4038,36.77,36.07
2014-11-03,Nov,Mon,2014,11,Q4,205368.92,201281.24,4087.68,5581,36.8,36.07
2014-11-04,Nov,Tue,2014,11,Q4,99244.68,90949.44,8295.24,2519,39.4,36.11
2014-11-05,Nov,Wed,2014,11,Q4,72756.86,67872.77,4884.09,1847,39.39,36.75
2014-11-06,Nov,Thu,2014,11,Q4,86867.46,84486.09,2381.37,2309,37.62,36.59
2014-11-07,Nov,Fri,2014,11,Q4,140167.8,136539.2,3628.6,3722,37.66,36.68
2014-11-08,Nov,Sat,2014,11,Q4,160727.3,156700.83,4026.48,4268,37.66,36.72
2014-11-09,Nov,Sun,2014,11,Q4,74115.63,71994.35,2121.28,1968,37.66,36.58
2014-11-10,Nov,Mon,2014,11,Q4,76103.29,73967.61,2135.69,2016,37.75,36.69
2014-11-11,Nov,Tue,2014,11,Q4,56303.37,54996.87,1306.5,1497,37.61,36.74
2014-11-12,Nov,Wed,2014,11,Q4,49436.82,48289.89,1146.92,1314,37.62,36.75
2014-11-13,Nov,Thu,2014,11,Q4,55033.12,53997.22,1035.9,1466,37.54,36.83
2014-11-14,Nov,Fri,2014,11,Q4,149808.17,146994.9,2813.27,3984,37.6,36.9
2014-11-15,Nov,Sat,2014,11,Q4,180685.51,176898.28,3787.23,4802,37.63,36.84
2014-11-16,Nov,Sun,2014,11,Q4,75871.44,73905.81,1965.63,2017,37.62,36.64
2014-11-17,Nov,Mon,2014,11,Q4,86313.33,84418.79,1894.54,2297,37.58,36.75
2014-11-18,Nov,Tue,2014,11,Q4,62631.8,61158.36,1473.44,1665,37.62,36.73
2014-11-19,Nov,Wed,2014,11,Q4,48529.1,47409.55,1119.55,1291,37.59,36.72
2014-11-20,Nov,Thu,2014,11,Q4,51040.88,50038.14,1002.74,1361,37.5,36.77
2014-11-21,Nov,Fri,2014,11,Q4,53973.92,47192.5,6781.42,1281,42.13,36.84
2014-11-22,Nov,Sat,2014,11,Q4,47497.98,41179.09,6318.89,1122,42.33,36.7
2014-11-23,Nov,Sun,2014,11,Q4,31219.95,26893.3,4326.65,737,42.36,36.49
2014-11-24,Nov,Mon,2014,11,Q4,26870.32,23516.04,3354.28,641,41.92,36.69
2014-11-25,Nov,Tue,2014,11,Q4,40530.64,35674.19,4856.45,968,41.87,36.85
2014-11-26,Nov,Wed,2014,11,Q4,30371.43,26054.85,4316.58,709,42.84,36.75
2014-11-27,Nov,Thu,2014,11,Q4,37776.66,32719.69,5056.97,880,42.93,37.18
2014-11-28,Nov,Fri,2014,11,Q4,46818.21,40652.58,6165.63,1096,42.72,37.09
2014-11-29,Nov,Sat,2014,11,Q4,88321.63,79880.24,8441.38,2068,42.71,38.63
2014-11-30,Nov,Sun,2014,11,Q4,101037.83,93177.88,7859.94,2375,42.54,39.23
2014-12-01,Dec,Mon,2014,12,Q4,105100.67,97257.39,7843.27,2492,42.18,39.03
2014-12-02,Dec,Tue,2014,12,Q4,88219.53,85533.43,2686.1,2170,40.65,39.42
2014-12-03,Dec,Wed,2014,12,Q4,71590.37,69654.93,1935.44,1784,40.13,39.04
2014-12-04,Dec,Thu,2014,12,Q4,54996.62,54503.03,493.59,1368,40.2,39.84
2014-12-05,Dec,Fri,2014,12,Q4,77884.18,77619.29,264.89,1914,40.69,40.55
2014-12-06,Dec,Sat,2014,12,Q4,150370.12,154998.83,-4628.72,3765,39.94,41.17
2014-12-07,Dec,Sun,2014,12,Q4,104675.38,111903.74,-7228.36,2712,38.6,41.26
2014-12-08,Dec,Mon,2014,12,Q4,90121.53,91081.67,-960.14,2222,40.56,40.99
2014-12-09,Dec,Tue,2014,12,Q4,75425.44,77014.26,-1588.81,1861,40.53,41.38
2014-12-10,Dec,Wed,2014,12,Q4,161844.81,169348.52,-7503.71,4095,39.52,41.35
2014-12-11,Dec,Thu,2014,12,Q4,158603.36,171692.99,-13089.64,4157,38.15,41.3
2014-12-12,Dec,Fri,2014,12,Q4,279092.1,301236.11,-22144.01,7259,38.45,41.5
2014-12-13,Dec,Sat,2014,12,Q4,369350.99,402564.68,-33213.69,9654,38.26,41.7
2014-12-14,Dec,Sun,2014,12,Q4,177500.11,192327.32,-14827.21,4632,38.32,41.52
2014-12-15,Dec,Mon,2014,12,Q4,282246.63,304489.64,-22243.01,7341,38.45,41.48
2014-12-16,Dec,Tue,2014,12,Q4,166037.93,179571.13,-13533.2,4308,38.54,41.68
2014-12-17,Dec,Wed,2014,12,Q4,148911,161137.52,-12226.52,3865,38.53,41.69
2014-12-18,Dec,Thu,2014,12,Q4,202359.14,221435.77,-19076.63,5288,38.27,41.88
2014-12-19,Dec,Fri,2014,12,Q4,274343.65,299516.84,-25173.18,7141,38.42,41.94
2014-12-20,Dec,Sat,2014,12,Q4,316167.07,346378.3,-30211.23,8268,38.24,41.89
2014-12-21,Dec,Sun,2014,12,Q4,173833.4,190644.5,-16811.1,4541,38.28,41.98
2014-12-22,Dec,Mon,2014,12,Q4,204565.08,210188.91,-5623.83,5014,40.8,41.92
2014-12-23,Dec,Tue,2014,12,Q4,316394.73,326627.14,-10232.41,7778,40.68,41.99
2014-12-24,Dec,Wed,2014,12,Q4,486230.32,495909.09,-9678.77,11809,41.17,41.99
2014-12-25,Dec,Thu,2014,12,Q4,137686.53,140525.79,-2839.25,3344,41.17,42.02
2014-12-26,Dec,Fri,2014,12,Q4,48102.96,49028.37,-925.4,1169,41.15,41.94
2014-12-27,Dec,Sat,2014,12,Q4,110162.13,112383.56,-2221.43,2676,41.17,42
2014-12-28,Dec,Sun,2014,12,Q4,69051.34,70482.72,-1431.38,1677,41.18,42.03
2014-12-29,Dec,Mon,2014,12,Q4,133307.37,136003.48,-2696.11,3237,41.18,42.02
2014-12-30,Dec,Tue,2014,12,Q4,216389.5,235723.76,-19334.26,5607,38.59,42.04
2014-12-31,Dec,Wed,2014,12,Q4,365055.31,398013.35,-32958.04,9464,38.57,42.06
2015-01-01,Jan,Thu,2015,1,Q1,112161.42,122170.43,-10009.01,2905,38.61,42.06
2015-01-02,Jan,Fri,2015,1,Q1,271101.46,295019.47,-23918.01,7023,38.6,42.01
2015-01-03,Jan,Sat,2015,1,Q1,245813.29,267734.73,-21921.44,6371,38.58,42.02
2015-01-04,Jan,Sun,2015,1,Q1,178394.81,194427.45,-16032.64,4624,38.58,42.05
2015-01-05,Jan,Mon,2015,1,Q1,220443.63,239988.03,-19544.4,5717,38.56,41.98
2015-01-06,Jan,Tue,2015,1,Q1,181534.19,197328.94,-15794.76,4705,38.58,41.94
2015-01-07,Jan,Wed,2015,1,Q1,83176.48,84728.83,-1552.35,2020,41.18,41.94
2015-01-08,Jan,Thu,2015,1,Q1,76894.78,78468.1,-1573.32,1868,41.16,42.01
2015-01-09,Jan,Fri,2015,1,Q1,123859.39,126444.14,-2584.75,3008,41.18,42.04
2015-01-10,Jan,Sat,2015,1,Q1,120807.57,123392.8,-2585.23,2934,41.18,42.06
2015-01-11,Jan,Sun,2015,1,Q1,69597.37,71051.36,-1454,1690,41.18,42.04
2015-01-12,Jan,Mon,2015,1,Q1,84738.29,86467.54,-1729.24,2058,41.18,42.02
2015-01-13,Jan,Tue,2015,1,Q1,64653.97,65980.42,-1326.45,1570,41.18,42.03
2015-01-14,Jan,Wed,2015,1,Q1,59553.39,60703.36,-1149.97,1446,41.18,41.98
2015-01-15,Jan,Thu,2015,1,Q1,79080.76,80337.75,-1256.99,1921,41.17,41.82
2015-01-16,Jan,Fri,2015,1,Q1,149444.06,152030.99,-2586.93,3629,41.18,41.89
2015-01-17,Jan,Sat,2015,1,Q1,170624.08,173547.03,-2922.95,4144,41.17,41.88
2015-01-18,Jan,Sun,2015,1,Q1,74744.28,76003.93,-1259.65,1815,41.18,41.88
2015-01-19,Jan,Mon,2015,1,Q1,90144.16,91110.97,-966.81,2189,41.18,41.62
2015-01-20,Jan,Tue,2015,1,Q1,97826.81,99134.31,-1307.5,2376,41.17,41.72
2015-01-21,Jan,Wed,2015,1,Q1,62795.98,64144.09,-1348.11,1525,41.18,42.06
2015-01-22,Jan,Thu,2015,1,Q1,66550.99,67952.15,-1401.16,1616,41.18,42.05
2015-01-23,Jan,Fri,2015,1,Q1,154670.89,158031.79,-3360.9,3757,41.17,42.06
2015-01-24,Jan,Sat,2015,1,Q1,158722.11,162082.42,-3360.31,3855,41.17,42.04
2015-01-25,Jan,Sun,2015,1,Q1,78092.28,79795.04,-1702.77,1897,41.17,42.06
2015-01-26,Jan,Mon,2015,1,Q1,91830.4,93808.09,-1977.68,2230,41.18,42.07
2015-01-27,Jan,Tue,2015,1,Q1,76992.94,78614.46,-1621.52,1870,41.17,42.04
2015-01-28,Jan,Wed,2015,1,Q1,59897.72,61194.18,-1296.46,1455,41.17,42.06
2015-01-29,Jan,Thu,2015,1,Q1,57310.19,58531.41,-1221.22,1392,41.17,42.05
2015-01-30,Jan,Fri,2015,1,Q1,134540.21,137221.54,-2681.32,3268,41.17,41.99
2015-01-31,Jan,Sat,2015,1,Q1,200193.61,203814.74,-3621.12,4862,41.18,41.92
2015-02-01,Feb,Sun,2015,2,Q1,171469.93,174652.46,-3182.53,4165,41.17,41.93
2015-02-02,Feb,Mon,2015,2,Q1,151737.22,154148.6,-2411.38,3685,41.18,41.83
2015-02-03,Feb,Tue,2015,2,Q1,102072.44,103634.96,-1562.52,2479,41.17,41.81
2015-02-04,Feb,Wed,2015,2,Q1,82514.11,83232.39,-718.29,2005,41.15,41.51
2015-02-05,Feb,Thu,2015,2,Q1,46211.33,46407.3,-195.97,1122,41.19,41.36
2015-02-06,Feb,Fri,2015,2,Q1,85730.41,85765.71,-35.29,2082,41.18,41.19
2015-02-07,Feb,Sat,2015,2,Q1,105918.29,105662.56,255.74,2573,41.17,41.07
2015-02-08,Feb,Sun,2015,2,Q1,73041.66,73046.23,-4.57,1774,41.17,41.18
2015-02-09,Feb,Mon,2015,2,Q1,97908.55,97097.94,810.61,2378,41.17,40.83
2015-02-10,Feb,Tue,2015,2,Q1,138667.42,148522.85,-9855.43,3677,37.71,40.39
2015-02-11,Feb,Wed,2015,2,Q1,162162.1,173661.83,-11499.72,4299,37.72,40.4
2015-02-12,Feb,Thu,2015,2,Q1,138520.13,147756.34,-9236.22,3674,37.7,40.22
2015-02-13,Feb,Fri,2015,2,Q1,358597.43,382447.08,-23849.65,9505,37.73,40.24
2015-02-14,Feb,Sat,2015,2,Q1,424009.88,451548.03,-27538.15,11237,37.73,40.18
2015-02-15,Feb,Sun,2015,2,Q1,203861.47,217065.62,-13204.14,5406,37.71,40.15
2015-02-16,Feb,Mon,2015,2,Q1,220506.21,234723.22,-14217.01,5846,37.72,40.15
2015-02-17,Feb,Tue,2015,2,Q1,139935.94,148697.54,-8761.61,3713,37.69,40.05
2015-02-18,Feb,Wed,2015,2,Q1,161064.75,170739.37,-9674.61,4270,37.72,39.99
2015-02-19,Feb,Thu,2015,2,Q1,144328.55,152824.11,-8495.57,3827,37.71,39.93
2015-02-20,Feb,Fri,2015,2,Q1,293071.76,310240.38,-17168.62,7770,37.72,39.93
2015-02-21,Feb,Sat,2015,2,Q1,267782.15,283430.34,-15648.18,7102,37.71,39.91
2015-02-22,Feb,Sun,2015,2,Q1,136052.69,144020.12,-7967.43,3608,37.71,39.92
2015-02-23,Feb,Mon,2015,2,Q1,86703.31,85730.97,972.35,2150,40.33,39.87
2015-02-24,Feb,Tue,2015,2,Q1,95474.36,100867.52,-5393.17,2530,37.74,39.87
2015-02-25,Feb,Wed,2015,2,Q1,198431.63,209499.79,-11068.17,5253,37.77,39.88
2015-02-26,Feb,Thu,2015,2,Q1,157291.73,166305.04,-9013.3,4171,37.71,39.87
2015-02-27,Feb,Fri,2015,2,Q1,307540.68,324997.34,-17456.66,8156,37.71,39.85
2015-02-28,Feb,Sat,2015,2,Q1,350898.76,375030.64,-24131.87,9296,37.75,40.34
2015-03-01,Mar,Sun,2015,3,Q1,256701.54,276569.25,-19867.71,6803,37.73,40.65
2015-03-02,Mar,Mon,2015,3,Q1,234705.59,252709.82,-18004.23,6221,37.73,40.62
2015-03-03,Mar,Tue,2015,3,Q1,249380.57,268761.83,-19381.27,6611,37.72,40.65
2015-03-04,Mar,Wed,2015,3,Q1,258211.44,278825.61,-20614.16,6843,37.73,40.75
2015-03-05,Mar,Thu,2015,3,Q1,145975.83,157578.01,-11602.17,3858,37.84,40.84
2015-03-06,Mar,Fri,2015,3,Q1,269239.85,291365.02,-22125.17,7128,37.77,40.88
2015-03-07,Mar,Sat,2015,3,Q1,306920.21,332242.41,-25322.2,8127,37.77,40.88
2015-03-08,Mar,Sun,2015,3,Q1,122106.8,121394.81,711.98,2966,41.17,40.93
2015-03-09,Mar,Mon,2015,3,Q1,117661.28,116861.16,800.12,2858,41.17,40.89
2015-03-10,Mar,Tue,2015,3,Q1,62499.8,62073.87,425.93,1518,41.17,40.89
2015-03-11,Mar,Wed,2015,3,Q1,57063.98,56638.28,425.7,1386,41.17,40.86
2015-03-12,Mar,Thu,2015,3,Q1,48008.48,47681.67,326.81,1166,41.17,40.89
2015-03-13,Mar,Fri,2015,3,Q1,117446.84,116681.14,765.7,2853,41.17,40.9
2015-03-14,Mar,Sat,2015,3,Q1,150591.55,149573.83,1017.72,3657,41.18,40.9
2015-03-15,Mar,Sun,2015,3,Q1,67152.47,66802.98,349.49,1631,41.17,40.96
2015-03-16,Mar,Mon,2015,3,Q1,80635.29,80121.29,514,1959,41.16,40.9
2015-03-17,Mar,Tue,2015,3,Q1,50669.64,50308.96,360.68,1230,41.19,40.9
2015-03-18,Mar,Wed,2015,3,Q1,48648.99,48362.07,286.92,1182,41.16,40.92
2015-03-19,Mar,Thu,2015,3,Q1,43213.18,42981.22,231.96,1050,41.16,40.93
2015-03-20,Mar,Fri,2015,3,Q1,96881.02,96453.29,427.73,2353,41.17,40.99
2015-03-21,Mar,Sat,2015,3,Q1,121360.89,120829.29,531.6,2947,41.18,41
2015-03-22,Mar,Sun,2015,3,Q1,66954.37,66756.38,197.99,1626,41.18,41.06
2015-03-23,Mar,Mon,2015,3,Q1,81342.15,81132.01,210.14,1976,41.17,41.06
2015-03-24,Mar,Tue,2015,3,Q1,125060.71,136375.15,-11314.44,3312,37.76,41.18
2015-03-25,Mar,Wed,2015,3,Q1,253218.83,276194.83,-22976,6704,37.77,41.2
2015-03-26,Mar,Thu,2015,3,Q1,229184.47,250361.15,-21176.68,6077,37.71,41.2
2015-03-27,Mar,Fri,2015,3,Q1,354191.35,386464.65,-32273.3,9386,37.74,41.17
2015-03-28,Mar,Sat,2015,3,Q1,459484.67,501362.57,-41877.91,12181,37.72,41.16
2015-03-29,Mar,Sun,2015,3,Q1,224102.89,244359.81,-20256.92,5937,37.75,41.16
2015-03-30,Mar,Mon,2015,3,Q1,215203.56,234819.45,-19615.89,5706,37.72,41.15
2015-03-31,Mar,Tue,2015,3,Q1,355534.91,386988.91,-31454,9421,37.74,41.08
2015-04-01,Apr,Wed,2015,4,Q2,498894.34,542483.84,-43589.49,13207,37.77,41.08
2015-04-02,Apr,Thu,2015,4,Q2,715032.19,777522.19,-62490,18936,37.76,41.06
2015-04-03,Apr,Fri,2015,4,Q2,510289.22,554159.82,-43870.6,13503,37.79,41.04
2015-04-04,Apr,Sat,2015,4,Q2,400302.04,434872.73,-34570.69,10600,37.76,41.03
2015-04-05,Apr,Sun,2015,4,Q2,135578.2,147335.93,-11757.72,3591,37.75,41.03
2015-04-06,Apr,Mon,2015,4,Q2,182466.26,198405.23,-15938.97,4836,37.73,41.03
2015-04-07,Apr,Tue,2015,4,Q2,176814.2,178390.15,-1575.95,4348,40.67,41.03
2015-04-08,Apr,Wed,2015,4,Q2,100917.67,100579.13,338.54,2451,41.17,41.04
2015-04-09,Apr,Thu,2015,4,Q2,74690.67,74427.59,263.09,1814,41.17,41.03
2015-04-10,Apr,Fri,2015,4,Q2,114067.08,113653.97,413.1,2770,41.18,41.03
2015-04-11,Apr,Sat,2015,4,Q2,126507.8,126043.77,464.03,3072,41.18,41.03
2015-04-12,Apr,Sun,2015,4,Q2,79648.63,79349.4,299.23,1934,41.18,41.03
2015-04-13,Apr,Mon,2015,4,Q2,83137.43,82700.35,437.08,2019,41.18,40.96
2015-04-14,Apr,Tue,2015,4,Q2,40776.03,39940.2,835.83,979,41.65,40.8
2015-04-15,Apr,Wed,2015,4,Q2,58278.46,56969.92,1308.54,1398,41.69,40.75
2015-04-16,Apr,Thu,2015,4,Q2,50000.1,48827.89,1172.22,1198,41.74,40.76
2015-04-17,Apr,Fri,2015,4,Q2,103911.92,101408.95,2502.97,2485,41.82,40.81
2015-04-18,Apr,Sat,2015,4,Q2,132843.22,129545.53,3297.69,3172,41.88,40.84
2015-04-19,Apr,Sun,2015,4,Q2,62786.61,61213.26,1573.36,1497,41.94,40.89
2015-04-20,Apr,Mon,2015,4,Q2,57233.41,55706.88,1526.53,1365,41.93,40.81
2015-04-21,Apr,Tue,2015,4,Q2,56874.35,55172.17,1702.17,1353,42.04,40.78
2015-04-22,Apr,Wed,2015,4,Q2,132737.74,140263.93,-7526.19,3439,38.6,40.79
2015-04-23,Apr,Thu,2015,4,Q2,60310.34,58446.05,1864.28,1434,42.06,40.76
2015-04-24,Apr,Fri,2015,4,Q2,343587.01,362390.6,-18803.59,8892,38.64,40.75
2015-04-25,Apr,Sat,2015,4,Q2,496882.32,535306.01,-38423.69,13144,37.8,40.73
2015-04-26,Apr,Sun,2015,4,Q2,200369.83,210964.77,-10594.94,5179,38.69,40.73
2015-04-27,Apr,Mon,2015,4,Q2,194028.06,204053.5,-10025.44,5014,38.7,40.7
2015-04-28,Apr,Tue,2015,4,Q2,190560.58,200804.04,-10243.46,4936,38.61,40.68
2015-04-29,Apr,Wed,2015,4,Q2,198985.4,209483.88,-10498.48,5150,38.64,40.68
2015-04-30,Apr,Thu,2015,4,Q2,385482.87,406252.01,-20769.14,9986,38.6,40.68
2015-05-01,May,Fri,2015,5,Q2,499703.41,526206.94,-26503.52,12937,38.63,40.67
2015-05-02,May,Sat,2015,5,Q2,461667,496852.8,-35185.8,12217,37.79,40.67
2015-05-03,May,Sun,2015,5,Q2,259541.61,273280.05,-13738.44,6721,38.62,40.66
2015-05-04,May,Mon,2015,5,Q2,320309.27,336742.6,-16433.33,8283,38.67,40.65
2015-05-05,May,Tue,2015,5,Q2,239923,251700.97,-11777.97,6191,38.75,40.66
2015-05-06,May,Wed,2015,5,Q2,224994.2,242259.86,-17265.66,5959,37.76,40.65
2015-05-07,May,Thu,2015,5,Q2,117197.97,115769.09,1428.89,2848,41.15,40.65
2015-05-08,May,Fri,2015,5,Q2,330589.2,355565.04,-24975.84,8748,37.79,40.65
2015-05-09,May,Sat,2015,5,Q2,389972.12,419827.14,-29855.02,10329,37.76,40.65
2015-05-10,May,Sun,2015,5,Q2,166536,179243.05,-12707.05,4410,37.76,40.64
2015-05-11,May,Mon,2015,5,Q2,198442.91,213676.43,-15233.52,5257,37.75,40.65
2015-05-12,May,Tue,2015,5,Q2,193182.15,208039.17,-14857.02,5118,37.75,40.65
2015-05-13,May,Wed,2015,5,Q2,166403.13,179221.57,-12818.45,4410,37.73,40.64
2015-05-14,May,Thu,2015,5,Q2,149178.6,160620.21,-11441.61,3952,37.75,40.64
2015-05-15,May,Fri,2015,5,Q2,380592.58,409812.43,-29219.86,10084,37.74,40.64
2015-05-16,May,Sat,2015,5,Q2,413700.18,445569.72,-31869.54,10964,37.73,40.64
2015-05-17,May,Sun,2015,5,Q2,177159.67,190811.58,-13651.9,4695,37.73,40.64
2015-05-18,May,Mon,2015,5,Q2,196420.76,211510.79,-15090.02,5205,37.74,40.64
2015-05-19,May,Tue,2015,5,Q2,137940.87,147846.05,-9905.18,3638,37.92,40.64
2015-05-20,May,Wed,2015,5,Q2,166176.28,178568.18,-12391.9,4394,37.82,40.64
2015-05-21,May,Thu,2015,5,Q2,84604.38,81763.27,2841.11,2012,42.05,40.64
2015-05-22,May,Fri,2015,5,Q2,321821.02,346487.52,-24666.5,8526,37.75,40.64
2015-05-23,May,Sat,2015,5,Q2,418715.41,450936.28,-32220.87,11096,37.74,40.64
2015-05-24,May,Sun,2015,5,Q2,169541.27,182419.14,-12877.88,4489,37.77,40.64
2015-05-25,May,Mon,2015,5,Q2,256434.51,276173.79,-19739.28,6795,37.74,40.64
2015-05-26,May,Tue,2015,5,Q2,199385.91,214719.75,-15333.84,5283,37.74,40.64
2015-05-27,May,Wed,2015,5,Q2,243554.22,262251.08,-18696.86,6453,37.74,40.64
2015-05-28,May,Thu,2015,5,Q2,217746.01,234483.42,-16737.4,5770,37.74,40.64
2015-05-29,May,Fri,2015,5,Q2,472160.75,508265.15,-36104.39,12507,37.75,40.64
2015-05-30,May,Sat,2015,5,Q2,546135.46,588250.18,-42114.72,14475,37.73,40.64
2015-05-31,May,Sun,2015,5,Q2,264637.37,284828.66,-20191.29,7009,37.76,40.64
2015-06-01,Jun,Mon,2015,6,Q2,440906,474967.33,-34061.33,11688,37.72,40.64
2015-06-02,Jun,Tue,2015,6,Q2,334318.9,360168.83,-25849.93,8863,37.72,40.64
2015-06-03,Jun,Wed,2015,6,Q2,269835.83,290492.11,-20656.28,7148,37.75,40.64
2015-06-04,Jun,Thu,2015,6,Q2,201146.49,216428.5,-15282.01,5326,37.77,40.64
2015-06-05,Jun,Fri,2015,6,Q2,293461.08,315937.86,-22476.78,7775,37.74,40.64
2015-06-06,Jun,Sat,2015,6,Q2,349413.01,376094.72,-26681.71,9255,37.75,40.64
2015-06-07,Jun,Sun,2015,6,Q2,179602.92,193348.59,-13745.68,4758,37.75,40.64
2015-06-08,Jun,Mon,2015,6,Q2,109810.55,106166.08,3644.46,2613,42.02,40.63
2015-06-09,Jun,Tue,2015,6,Q2,76956.92,74212.79,2744.13,1830,42.05,40.55
2015-06-10,Jun,Wed,2015,6,Q2,71199.59,68669.39,2530.19,1694,42.03,40.54
2015-06-11,Jun,Thu,2015,6,Q2,68988.35,66539.17,2449.18,1642,42.01,40.52
2015-06-12,Jun,Fri,2015,6,Q2,155156.88,149423.24,5733.64,3690,42.05,40.49
2015-06-13,Jun,Sat,2015,6,Q2,185109.52,178347.37,6762.15,4404,42.03,40.5
2015-06-14,Jun,Sun,2015,6,Q2,83779.54,80659.82,3119.72,1992,42.06,40.49
2015-06-15,Jun,Mon,2015,6,Q2,149501.57,143962.87,5538.7,3557,42.03,40.47
2015-06-16,Jun,Tue,2015,6,Q2,100477.3,96810.1,3667.19,2395,41.95,40.42
2015-06-17,Jun,Wed,2015,6,Q2,89072.71,85639.31,3433.4,2120,42.02,40.4
2015-06-18,Jun,Thu,2015,6,Q2,78746.6,75673.78,3072.81,1875,42,40.36
2015-06-19,Jun,Fri,2015,6,Q2,141913.38,136017.75,5895.63,3376,42.04,40.29
2015-06-20,Jun,Sat,2015,6,Q2,169304.28,162287.91,7016.37,4027,42.04,40.3
2015-06-21,Jun,Sun,2015,6,Q2,89512.24,85781.81,3730.44,2128,42.06,40.31
2015-06-22,Jun,Mon,2015,6,Q2,85984.08,82427.23,3556.84,2046,42.03,40.29
2015-06-23,Jun,Tue,2015,6,Q2,64956.46,62169.78,2786.68,1546,42.02,40.21
2015-06-24,Jun,Wed,2015,6,Q2,106613.43,113428.47,-6815.04,2822,37.78,40.19
2015-06-25,Jun,Thu,2015,6,Q2,183843.82,195365.73,-11521.91,4865,37.79,40.16
2015-06-26,Jun,Fri,2015,6,Q2,319579.79,339241.69,-19661.9,8450,37.82,40.15
2015-06-27,Jun,Sat,2015,6,Q2,369245.76,392017.97,-22772.21,9770,37.79,40.12
2015-06-28,Jun,Sun,2015,6,Q2,185648.49,197095.11,-11446.62,4914,37.78,40.11
2015-06-29,Jun,Mon,2015,6,Q2,165557.76,175871.11,-10313.35,4385,37.76,40.11
2015-06-30,Jun,Tue,2015,6,Q2,212465.08,225678.93,-13213.85,5627,37.76,40.11
2015-07-01,Jul,Wed,2015,7,Q3,305231.91,324248.84,-19016.93,8086,37.75,40.1
2015-07-02,Jul,Thu,2015,7,Q3,250481.62,266061.93,-15580.31,6639,37.73,40.08
2015-07-03,Jul,Fri,2015,7,Q3,268410.48,284592.99,-16182.51,7104,37.78,40.06
2015-07-04,Jul,Sat,2015,7,Q3,316365.5,335025.08,-18659.58,8364,37.82,40.06
2015-07-05,Jul,Sun,2015,7,Q3,156873.04,165968.62,-9095.58,4146,37.84,40.03
2015-07-06,Jul,Mon,2015,7,Q3,173987.75,184188.98,-10201.23,4601,37.82,40.03
2015-07-07,Jul,Tue,2015,7,Q3,135753.77,143799.6,-8045.83,3593,37.78,40.02
2015-07-08,Jul,Wed,2015,7,Q3,84426.51,84588.96,-162.45,2114,39.94,40.01
2015-07-09,Jul,Thu,2015,7,Q3,70815.19,71913.07,-1097.88,1797,39.41,40.02
2015-07-10,Jul,Fri,2015,7,Q3,125983.15,127884.59,-1901.44,3195,39.43,40.03
2015-07-11,Jul,Sat,2015,7,Q3,142378.18,143924.57,-1546.38,3595,39.6,40.03
2015-07-12,Jul,Sun,2015,7,Q3,57427.68,58723.04,-1295.36,1467,39.15,40.03
2015-07-13,Jul,Mon,2015,7,Q3,63331.33,64690.06,-1358.73,1610,39.34,40.18
2015-07-14,Jul,Tue,2015,7,Q3,51241.03,52509.92,-1268.89,1307,39.21,40.18
2015-07-15,Jul,Wed,2015,7,Q3,80326.44,81730.27,-1403.83,2050,39.18,39.87
2015-07-16,Jul,Thu,2015,7,Q3,71912.57,73762.63,-1850.06,1849,38.89,39.89
2015-07-17,Jul,Fri,2015,7,Q3,119204.31,122669.7,-3465.39,3070,38.83,39.96
2015-07-18,Jul,Sat,2015,7,Q3,129441.28,132493.43,-3052.15,3322,38.96,39.88
2015-07-19,Jul,Sun,2015,7,Q3,77645.75,79555.63,-1909.88,1982,39.18,40.14
2015-07-20,Jul,Mon,2015,7,Q3,69926.65,71362.52,-1435.87,1787,39.13,39.93
2015-07-21,Jul,Tue,2015,7,Q3,71973.04,73851.79,-1878.74,1846,38.99,40.01
2015-07-22,Jul,Wed,2015,7,Q3,44304.9,45468.84,-1163.94,1142,38.8,39.82
2015-07-23,Jul,Thu,2015,7,Q3,66799.72,69323.65,-2523.92,1734,38.52,39.98
2015-07-24,Jul,Fri,2015,7,Q3,125689.59,130428.23,-4738.63,3259,38.57,40.02
2015-07-25,Jul,Sat,2015,7,Q3,138624.95,143537.4,-4912.45,3572,38.81,40.18
2015-07-26,Jul,Sun,2015,7,Q3,81715.05,85089.22,-3374.18,2109,38.75,40.35
2015-07-27,Jul,Mon,2015,7,Q3,86842.86,90242.79,-3399.93,2242,38.73,40.25
2015-07-28,Jul,Tue,2015,7,Q3,56976.79,59094.08,-2117.29,1474,38.65,40.09
2015-07-29,Jul,Wed,2015,7,Q3,53433.67,55516.53,-2082.86,1381,38.69,40.2
2015-07-30,Jul,Thu,2015,7,Q3,55134.08,57064.75,-1930.67,1423,38.74,40.1
2015-07-31,Jul,Fri,2015,7,Q3,145033.61,149876.87,-4843.26,3740,38.78,40.07
2015-08-01,Aug,Sat,2015,8,Q3,173306.91,178699.98,-5393.07,4453,38.92,40.13
2015-08-02,Aug,Sun,2015,8,Q3,88154.34,90828.66,-2674.32,2258,39.04,40.23
2015-08-03,Aug,Mon,2015,8,Q3,81142.03,83114.58,-1972.55,2074,39.12,40.07
2015-08-04,Aug,Tue,2015,8,Q3,77672.88,80417.75,-2744.86,2007,38.7,40.07
2015-08-05,Aug,Wed,2015,8,Q3,75483.42,78024.28,-2540.86,1948,38.75,40.05
2015-08-06,Aug,Thu,2015,8,Q3,74354.57,76978.31,-2623.74,1922,38.69,40.05
2015-08-07,Aug,Fri,2015,8,Q3,120326.88,123707.76,-3380.89,3088,38.97,40.06
2015-08-08,Aug,Sat,2015,8,Q3,131867.99,135721.43,-3853.43,3388,38.92,40.06
2015-08-09,Aug,Sun,2015,8,Q3,75504,77978.69,-2474.69,1944,38.84,40.11
2015-08-10,Aug,Mon,2015,8,Q3,69968.08,72665.73,-2697.65,1812,38.61,40.1
2015-08-11,Aug,Tue,2015,8,Q3,60187.15,62538.49,-2351.34,1563,38.51,40.01
2015-08-12,Aug,Wed,2015,8,Q3,44698.7,46849.57,-2150.87,1171,38.17,40.01
2015-08-13,Aug,Thu,2015,8,Q3,39463.41,41414.42,-1951.01,1035,38.13,40.01
2015-08-14,Aug,Fri,2015,8,Q3,85794.1,89898.89,-4104.8,2247,38.18,40.01
2015-08-15,Aug,Sat,2015,8,Q3,117288.01,122504.36,-5216.35,3068,38.23,39.93
2015-08-16,Aug,Sun,2015,8,Q3,71056.06,74589.17,-3533.11,1866,38.08,39.97
2015-08-17,Aug,Mon,2015,8,Q3,64394.07,67505.25,-3111.18,1690,38.1,39.94
2015-08-18,Aug,Tue,2015,8,Q3,35165.97,36841.97,-1676,922,38.14,39.96
2015-08-19,Aug,Wed,2015,8,Q3,23234.18,24104.09,-869.9,604,38.47,39.91
2015-08-20,Aug,Thu,2015,8,Q3,24754.96,25407.17,-652.22,643,38.5,39.51
2015-08-21,Aug,Fri,2015,8,Q3,76691.28,78691.96,-2000.67,2006,38.23,39.23
2015-08-22,Aug,Sat,2015,8,Q3,102231.21,104713.01,-2481.8,2677,38.19,39.12
2015-08-23,Aug,Sun,2015,8,Q3,56974.87,57548.99,-574.12,1467,38.84,39.23
2015-08-24,Aug,Mon,2015,8,Q3,59442.73,59785.43,-342.7,1528,38.9,39.13
2015-08-25,Aug,Tue,2015,8,Q3,217683.36,246975.73,-29292.37,6360,34.23,38.83
2015-08-26,Aug,Wed,2015,8,Q3,275458.81,307092.27,-31633.47,8035,34.28,38.22
2015-08-27,Aug,Thu,2015,8,Q3,228731.87,252845.45,-24113.58,6675,34.27,37.88
2015-08-28,Aug,Fri,2015,8,Q3,387639.12,426783.3,-39144.18,11330,34.21,37.67
2015-08-29,Aug,Sat,2015,8,Q3,461188,504578.19,-43390.18,13484,34.2,37.42
2015-08-30,Aug,Sun,2015,8,Q3,202249.68,220152.19,-17902.51,5913,34.2,37.23
2015-08-31,Aug,Mon,2015,8,Q3,332559.77,361970.29,-29410.52,9721,34.21,37.24
2015-09-01,Sep,Tue,2015,9,Q3,384806.77,418101.6,-33294.83,11257,34.18,37.14
2015-09-02,Sep,Wed,2015,9,Q3,345776.25,373816.17,-28039.92,10102,34.23,37
2015-09-03,Sep,Thu,2015,9,Q3,271551.1,293343.87,-21792.78,7938,34.21,36.95
2015-09-04,Sep,Fri,2015,9,Q3,340440.21,366359.66,-25919.45,9936,34.26,36.87
2015-09-05,Sep,Sat,2015,9,Q3,364416.73,392128.3,-27711.57,10643,34.24,36.84
2015-09-06,Sep,Sun,2015,9,Q3,164719.6,176647.84,-11928.24,4800,34.32,36.8
2015-09-07,Sep,Mon,2015,9,Q3,178921.1,192507.53,-13586.43,5228,34.22,36.82
2015-09-08,Sep,Tue,2015,9,Q3,70287,66639.7,3647.3,1810,38.83,36.82
2015-09-09,Sep,Wed,2015,9,Q3,76013.68,72211.1,3802.57,1961,38.76,36.82
2015-09-10,Sep,Thu,2015,9,Q3,48406.79,45316.54,3090.24,1232,39.29,36.78
2015-09-11,Sep,Fri,2015,9,Q3,85940.03,81559.85,4380.18,2194,39.17,37.17
2015-09-12,Sep,Sat,2015,9,Q3,57381.75,54340.89,3040.86,1469,39.06,36.99
2015-09-13,Sep,Sun,2015,9,Q3,32479.8,30763.69,1716.11,829,39.18,37.11
2015-09-14,Sep,Mon,2015,9,Q3,52160.18,49656.01,2504.18,1329,39.25,37.36
2015-09-15,Sep,Tue,2015,9,Q3,51002.84,48601.97,2400.87,1300,39.23,37.39
2015-09-16,Sep,Wed,2015,9,Q3,30194.72,28605.46,1589.26,773,39.06,37.01
2015-09-17,Sep,Thu,2015,9,Q3,29751.22,28084.24,1666.99,760,39.15,36.95
2015-09-18,Sep,Fri,2015,9,Q3,68504.64,64881.98,3622.66,1755,39.03,36.97
2015-09-19,Sep,Sat,2015,9,Q3,68996.56,65211.57,3784.99,1766,39.07,36.93
2015-09-20,Sep,Sun,2015,9,Q3,41855.93,39629.45,2226.48,1078,38.83,36.76
2015-09-21,Sep,Mon,2015,9,Q3,44303.47,41485.46,2818.01,1124,39.42,36.91
2015-09-22,Sep,Tue,2015,9,Q3,46599.3,43806.73,2792.57,1182,39.42,37.06
2015-09-23,Sep,Wed,2015,9,Q3,125182.76,138583.84,-13401.08,3725,33.61,37.2
2015-09-24,Sep,Thu,2015,9,Q3,150036.81,167704.86,-17668.05,4492,33.4,37.33
2015-09-25,Sep,Fri,2015,9,Q3,368037.69,413540.81,-45503.12,11030,33.37,37.49
2015-09-26,Sep,Sat,2015,9,Q3,351319.64,397626.59,-46306.95,10528,33.37,37.77
2015-09-27,Sep,Sun,2015,9,Q3,163289.94,185404.04,-22114.11,4895,33.36,37.88
2015-09-28,Sep,Mon,2015,9,Q3,190892.46,216571.06,-25678.6,5720,33.37,37.86
2015-09-29,Sep,Tue,2015,9,Q3,143082.13,162929.02,-19846.89,4288,33.37,38
2015-09-30,Sep,Wed,2015,9,Q3,323548.79,368434.89,-44886.1,9693,33.38,38.01
2015-10-01,Oct,Thu,2015,10,Q4,402312.33,459285.8,-56973.47,12065,33.35,38.07
2015-10-02,Oct,Fri,2015,10,Q4,393635.17,448390.97,-54755.79,11758,33.48,38.13
2015-10-03,Oct,Sat,2015,10,Q4,451100.06,515549.39,-64449.33,13508,33.4,38.17
2015-10-04,Oct,Sun,2015,10,Q4,202902.62,232360.33,-29457.7,6085,33.34,38.19
2015-10-05,Oct,Mon,2015,10,Q4,294557.65,336897.92,-42340.28,8828,33.37,38.16
2015-10-06,Oct,Tue,2015,10,Q4,221618.33,253291.06,-31672.73,6636,33.4,38.17
2015-10-07,Oct,Wed,2015,10,Q4,63968.38,61942.84,2025.54,1622,39.44,38.19
2015-10-08,Oct,Thu,2015,10,Q4,59609.54,57736.48,1873.07,1512,39.42,38.19
2015-10-09,Oct,Fri,2015,10,Q4,126588.25,122622.36,3965.89,3211,39.42,38.19
2015-10-10,Oct,Sat,2015,10,Q4,119755.01,116003.69,3751.32,3037,39.43,38.2
2015-10-11,Oct,Sun,2015,10,Q4,57413.41,55617.58,1795.83,1456,39.43,38.2
2015-10-12,Oct,Mon,2015,10,Q4,57749.14,55933.01,1816.13,1465,39.42,38.18
2015-10-13,Oct,Tue,2015,10,Q4,40140.82,38881.09,1259.73,1018,39.43,38.19
2015-10-14,Oct,Wed,2015,10,Q4,42195.82,40869.25,1326.57,1070,39.44,38.2
2015-10-15,Oct,Thu,2015,10,Q4,53490.8,51799.17,1691.63,1357,39.42,38.17
2015-10-16,Oct,Fri,2015,10,Q4,110809.32,107331.98,3477.34,2810,39.43,38.2
2015-10-17,Oct,Sat,2015,10,Q4,111527.01,108023.61,3503.41,2829,39.42,38.18
2015-10-18,Oct,Sun,2015,10,Q4,59808.14,57937.46,1870.68,1517,39.43,38.19
2015-10-19,Oct,Mon,2015,10,Q4,55166.23,53436.9,1729.33,1399,39.43,38.2
2015-10-20,Oct,Tue,2015,10,Q4,42054.68,40736.15,1318.53,1067,39.41,38.18
2015-10-21,Oct,Wed,2015,10,Q4,53678.18,51999.86,1678.32,1361,39.44,38.21
2015-10-22,Oct,Thu,2015,10,Q4,55930.17,54177.69,1752.48,1419,39.42,38.18
2015-10-23,Oct,Fri,2015,10,Q4,185771,192527.01,-6756.01,5042,36.84,38.18
2015-10-24,Oct,Sat,2015,10,Q4,253116.91,262409.57,-9292.66,6872,36.83,38.19
2015-10-25,Oct,Sun,2015,10,Q4,118618.45,122915.27,-4296.81,3218,36.86,38.2
2015-10-26,Oct,Mon,2015,10,Q4,123320.78,128133.78,-4812.99,3347,36.85,38.28
2015-10-27,Oct,Tue,2015,10,Q4,117051.28,122175,-5123.72,3177,36.84,38.46
2015-10-28,Oct,Wed,2015,10,Q4,159299.99,174699.08,-15399.09,4532,35.15,38.55
2015-10-29,Oct,Thu,2015,10,Q4,119047.41,124349.27,-5301.86,3231,36.85,38.49
2015-10-30,Oct,Fri,2015,10,Q4,285081.97,297627.69,-12545.72,7731,36.88,38.5
2015-10-31,Oct,Sat,2015,10,Q4,391656.21,429832.83,-38176.62,11148,35.13,38.56
2015-11-01,Nov,Sun,2015,11,Q4,274814.78,287978.17,-13163.4,7459,36.84,38.61
2015-11-02,Nov,Mon,2015,11,Q4,269555.02,281915.19,-12360.17,7316,36.84,38.53
2015-11-03,Nov,Tue,2015,11,Q4,192001.03,201125.78,-9124.74,5211,36.85,38.6
2015-11-04,Nov,Wed,2015,11,Q4,201367.79,220580,-19212.21,5731,35.14,38.49
2015-11-05,Nov,Thu,2015,11,Q4,111874.56,116637.03,-4762.48,3036,36.85,38.42
2015-11-06,Nov,Fri,2015,11,Q4,214540.33,223738.43,-9198.1,5822,36.85,38.43
2015-11-07,Nov,Sat,2015,11,Q4,280264.24,306935.16,-26670.92,7987,35.09,38.43
2015-11-08,Nov,Sun,2015,11,Q4,134136.73,140236.3,-6099.57,3640,36.85,38.53
2015-11-09,Nov,Mon,2015,11,Q4,94243.47,89949.3,4294.16,2338,40.31,38.47
2015-11-10,Nov,Tue,2015,11,Q4,131436.2,143823.39,-12387.19,3744,35.11,38.41
2015-11-11,Nov,Wed,2015,11,Q4,147893.94,161665.6,-13771.66,4216,35.08,38.35
2015-11-12,Nov,Thu,2015,11,Q4,140238.39,153481.45,-13243.06,4000,35.06,38.37
2015-11-13,Nov,Fri,2015,11,Q4,358183.77,391310.32,-33126.55,10204,35.1,38.35
2015-11-14,Nov,Sat,2015,11,Q4,377937.14,413010.23,-35073.09,10769,35.09,38.35
2015-11-15,Nov,Sun,2015,11,Q4,168729.96,184673.49,-15943.53,4803,35.13,38.45
2015-11-16,Nov,Mon,2015,11,Q4,177192.57,193615.3,-16422.73,5042,35.14,38.4
2015-11-17,Nov,Tue,2015,11,Q4,152368.75,166625.37,-14256.62,4342,35.09,38.38
2015-11-18,Nov,Wed,2015,11,Q4,147471.8,161402.92,-13931.11,4202,35.1,38.41
2015-11-19,Nov,Thu,2015,11,Q4,145697.15,159317.61,-13620.46,4151,35.1,38.38
2015-11-20,Nov,Fri,2015,11,Q4,301033.99,328965.14,-27931.16,8567,35.14,38.4
2015-11-21,Nov,Sat,2015,11,Q4,309518.07,338720.02,-29201.95,8811,35.13,38.44
2015-11-22,Nov,Sun,2015,11,Q4,152504.63,167600.65,-15096.02,4345,35.1,38.57
2015-11-23,Nov,Mon,2015,11,Q4,79711.58,74375.79,5335.79,1937,41.15,38.4
2015-11-24,Nov,Tue,2015,11,Q4,111021.38,121456.52,-10435.14,3160,35.13,38.44
2015-11-25,Nov,Wed,2015,11,Q4,243161.26,266054.37,-22893.11,6924,35.12,38.42
2015-11-26,Nov,Thu,2015,11,Q4,311443.18,355343.87,-43900.69,9273,33.59,38.32
2015-11-27,Nov,Fri,2015,11,Q4,375876.01,431325.69,-55449.67,11257,33.39,38.32
2015-11-28,Nov,Sat,2015,11,Q4,434639.66,498895.62,-64255.96,13019,33.39,38.32
2015-11-29,Nov,Sun,2015,11,Q4,238637.82,274093.58,-35455.76,7139,33.43,38.39
2015-11-30,Nov,Mon,2015,11,Q4,260653.67,283981.15,-23327.48,7423,35.11,38.26
2015-12-01,Dec,Tue,2015,12,Q4,262394.78,285838.56,-23443.78,7474,35.11,38.24
2015-12-02,Dec,Wed,2015,12,Q4,248437.71,269807.62,-21369.91,7056,35.21,38.24
2015-12-03,Dec,Thu,2015,12,Q4,201048.83,219110.39,-18061.56,5732,35.07,38.23
2015-12-04,Dec,Fri,2015,12,Q4,317690.76,345449.53,-27758.77,9038,35.15,38.22
2015-12-05,Dec,Sat,2015,12,Q4,378527.87,410385.04,-31857.16,10737,35.25,38.22
2015-12-06,Dec,Sun,2015,12,Q4,195425.39,210461.39,-15036,5505,35.5,38.23
2015-12-07,Dec,Mon,2015,12,Q4,90441.6,83999.59,6442.01,2198,41.15,38.22
2015-12-08,Dec,Tue,2015,12,Q4,117649,121640.38,-3991.38,3190,36.88,38.13
2015-12-09,Dec,Wed,2015,12,Q4,141285.4,145443.05,-4157.65,3814,37.04,38.13
2015-12-10,Dec,Thu,2015,12,Q4,133183.69,137725.88,-4542.18,3610,36.89,38.15
2015-12-11,Dec,Fri,2015,12,Q4,229672.26,237672.02,-7999.76,6227,36.88,38.17
2015-12-12,Dec,Sat,2015,12,Q4,333488.8,359621.07,-26132.28,9422,35.39,38.17
2015-12-13,Dec,Sun,2015,12,Q4,185422.89,191390.4,-5967.52,5014,36.98,38.17
2015-12-14,Dec,Mon,2015,12,Q4,173833.13,179871.05,-6037.92,4715,36.87,38.15
2015-12-15,Dec,Tue,2015,12,Q4,220271.72,237123.34,-16851.62,6212,35.46,38.17
2015-12-16,Dec,Wed,2015,12,Q4,234468.07,251493.91,-17025.84,6585,35.61,38.19
2015-12-17,Dec,Thu,2015,12,Q4,213778.14,230994.36,-17216.22,6051,35.33,38.17
2015-12-18,Dec,Fri,2015,12,Q4,273563.01,295854.55,-22291.54,7750,35.3,38.17
2015-12-19,Dec,Sat,2015,12,Q4,337506.79,362223.16,-24716.37,9490,35.56,38.17
2015-12-20,Dec,Sun,2015,12,Q4,155312.78,167421.97,-12109.19,4382,35.44,38.21
2015-12-21,Dec,Mon,2015,12,Q4,289243.38,312784.97,-23541.59,8196,35.29,38.16
2015-12-22,Dec,Tue,2015,12,Q4,313125.33,338299.62,-25174.29,8863,35.33,38.17
2015-12-23,Dec,Wed,2015,12,Q4,268330.39,249584.22,18746.18,6534,41.07,38.2
2015-12-24,Dec,Thu,2015,12,Q4,392228.14,364396.19,27831.94,9540,41.11,38.2
2015-12-25,Dec,Fri,2015,12,Q4,133728.98,124363.56,9365.43,3256,41.07,38.2
2015-12-26,Dec,Sat,2015,12,Q4,82778.44,76876.49,5901.95,2013,41.12,38.19
2015-12-27,Dec,Sun,2015,12,Q4,69522.84,64616.08,4906.76,1692,41.09,38.19
2015-12-28,Dec,Mon,2015,12,Q4,133021.27,123500.79,9520.49,3234,41.13,38.19
2015-12-29,Dec,Tue,2015,12,Q4,161267.52,175378.15,-14110.63,4592,35.12,38.19
2015-12-30,Dec,Wed,2015,12,Q4,208583.22,227060.26,-18477.04,5945,35.09,38.19
2015-12-31,Dec,Thu,2015,12,Q4,325457.53,353929.74,-28472.21,9266,35.12,38.2
2016-01-01,Jan,Fri,2016,1,Q1,111650.24,121448.28,-9798.04,3179,35.12,38.2
2016-01-02,Jan,Sat,2016,1,Q1,262421.28,285675.85,-23254.56,7479,35.09,38.2
2016-01-03,Jan,Sun,2016,1,Q1,164527.54,179308.95,-14781.41,4694,35.05,38.2
2016-01-04,Jan,Mon,2016,1,Q1,274990.15,299576.24,-24586.09,7843,35.06,38.2
2016-01-05,Jan,Tue,2016,1,Q1,215737.84,234642.09,-18904.24,6150,35.08,38.15
2016-01-06,Jan,Wed,2016,1,Q1,98646.98,91610.56,7036.42,2401,41.09,38.16
2016-01-07,Jan,Thu,2016,1,Q1,74401.22,68988.86,5412.35,1808,41.15,38.16
2016-01-08,Jan,Fri,2016,1,Q1,106592.34,99021.68,7570.66,2594,41.09,38.17
2016-01-09,Jan,Sat,2016,1,Q1,134629.66,124963.47,9666.19,3274,41.12,38.17
2016-01-10,Jan,Sun,2016,1,Q1,90773.65,84299.29,6474.36,2207,41.13,38.2
2016-01-11,Jan,Mon,2016,1,Q1,121373.07,112550.43,8822.64,2949,41.16,38.17
2016-01-12,Jan,Tue,2016,1,Q1,99445.56,92226.52,7219.04,2417,41.14,38.16
2016-01-13,Jan,Wed,2016,1,Q1,67587.55,62760.36,4827.19,1644,41.11,38.18
2016-01-14,Jan,Thu,2016,1,Q1,61685.94,57191.44,4494.5,1499,41.15,38.15
2016-01-15,Jan,Fri,2016,1,Q1,150006.93,139244.9,10762.03,3648,41.12,38.17
2016-01-16,Jan,Sat,2016,1,Q1,191287.35,177577.29,13710.07,4652,41.12,38.17
2016-01-17,Jan,Sun,2016,1,Q1,92595.46,86018.19,6577.27,2252,41.12,38.2
2016-01-18,Jan,Mon,2016,1,Q1,96947.05,89961.36,6985.69,2357,41.13,38.17
2016-01-19,Jan,Tue,2016,1,Q1,70512.89,65453.28,5059.62,1715,41.12,38.17
2016-01-20,Jan,Wed,2016,1,Q1,159590.49,182351.14,-22760.65,4776,33.42,38.18
2016-01-21,Jan,Thu,2016,1,Q1,67046.27,61894.26,5152.01,1628,41.18,38.02
2016-01-22,Jan,Fri,2016,1,Q1,266949.24,294322.93,-27373.69,7806,34.2,37.7
2016-01-23,Jan,Sat,2016,1,Q1,315272.22,346093.07,-30820.84,9210,34.23,37.58
2016-01-24,Jan,Sun,2016,1,Q1,149138.92,163505.71,-14366.79,4351,34.28,37.58
2016-01-25,Jan,Mon,2016,1,Q1,215171.04,234621.6,-19450.56,6278,34.27,37.37
2016-01-26,Jan,Tue,2016,1,Q1,205197.9,221931.58,-16733.68,5992,34.25,37.04
2016-01-27,Jan,Wed,2016,1,Q1,214452.25,231730.23,-17277.98,6265,34.23,36.99
2016-01-28,Jan,Thu,2016,1,Q1,195767.97,210639.85,-14871.87,5723,34.21,36.81
2016-01-29,Jan,Fri,2016,1,Q1,397984.33,437198.93,-39214.6,11900,33.44,36.74
2016-01-30,Jan,Sat,2016,1,Q1,512603.1,561872.21,-49269.1,15345,33.41,36.62
2016-01-31,Jan,Sun,2016,1,Q1,218104.07,238662.19,-20558.13,6525,33.43,36.58
2016-02-01,Feb,Mon,2016,2,Q1,339004.34,371177.19,-32172.85,10153,33.39,36.56
2016-02-02,Feb,Tue,2016,2,Q1,278116.37,295645.63,-17529.26,8116,34.27,36.43
2016-02-03,Feb,Wed,2016,2,Q1,264159.3,280392.27,-16232.97,7712,34.25,36.36
2016-02-04,Feb,Thu,2016,2,Q1,197778.13,209372.29,-11594.16,5759,34.34,36.36
2016-02-05,Feb,Fri,2016,2,Q1,325749.01,345287.81,-19538.8,9501,34.29,36.34
2016-02-06,Feb,Sat,2016,2,Q1,371561.98,393884.43,-22322.46,10840,34.28,36.34
2016-02-07,Feb,Sun,2016,2,Q1,174581.68,185040.82,-10459.14,5089,34.31,36.36
2016-02-08,Feb,Mon,2016,2,Q1,208489.37,221372.84,-12883.47,6087,34.25,36.37
2016-02-09,Feb,Tue,2016,2,Q1,84495.17,74682.27,9812.9,2053,41.16,36.38
2016-02-10,Feb,Wed,2016,2,Q1,76661.25,66379.56,10281.69,1825,42.01,36.37
2016-02-11,Feb,Thu,2016,2,Q1,64034.94,55491.34,8543.6,1525,41.99,36.39
2016-02-12,Feb,Fri,2016,2,Q1,148839.97,129583.49,19256.48,3542,42.02,36.58
2016-02-13,Feb,Sat,2016,2,Q1,172541.51,150538.98,22002.52,4105,42.03,36.67
2016-02-14,Feb,Sun,2016,2,Q1,87991.66,76378.5,11613.16,2094,42.02,36.47
2016-02-15,Feb,Mon,2016,2,Q1,123445.38,108669.23,14776.16,2940,41.99,36.96
2016-02-16,Feb,Tue,2016,2,Q1,77344.69,68269.25,9075.44,1841,42.01,37.08
2016-02-17,Feb,Wed,2016,2,Q1,158963.02,167521.53,-8558.5,4529,35.1,36.99
2016-02-18,Feb,Thu,2016,2,Q1,69598.07,61492.97,8105.1,1658,41.98,37.09
2016-02-19,Feb,Fri,2016,2,Q1,161275.6,143446.36,17829.24,3841,41.99,37.35
2016-02-20,Feb,Sat,2016,2,Q1,325215.08,345446,-20230.93,9260,35.12,37.31
2016-02-21,Feb,Sun,2016,2,Q1,96957.3,86455.49,10501.8,2308,42.01,37.46
2016-02-22,Feb,Mon,2016,2,Q1,85224.48,75960.72,9263.76,2028,42.02,37.46
2016-02-23,Feb,Tue,2016,2,Q1,54612.88,49071.8,5541.08,1301,41.98,37.72
2016-02-24,Feb,Wed,2016,2,Q1,81530.61,81738.06,-207.44,2213,36.84,36.94
2016-02-25,Feb,Thu,2016,2,Q1,160947.53,162597.5,-1649.96,4404,36.55,36.92
2016-02-26,Feb,Fri,2016,2,Q1,188736.25,183103.23,5633.01,4935,38.24,37.1
2016-02-27,Feb,Sat,2016,2,Q1,215951.51,210032.79,5918.72,5609,38.5,37.45
2016-02-28,Feb,Sun,2016,2,Q1,134995.85,129938.71,5057.15,3452,39.11,37.64
2016-02-29,Feb,Mon,2016,2,Q1,163079.38,160332.59,2746.79,4270,38.19,37.55
2016-03-01,Mar,Tue,2016,3,Q1,180828.67,182962.34,-2133.66,4719,38.32,38.77
2016-03-02,Mar,Wed,2016,3,Q1,171196.18,174428.68,-3232.51,4451,38.46,39.19
2016-03-03,Mar,Thu,2016,3,Q1,129719.05,131961.93,-2242.88,3364,38.56,39.23
2016-03-04,Mar,Fri,2016,3,Q1,142127.64,144039.41,-1911.77,3665,38.78,39.3
2016-03-05,Mar,Sat,2016,3,Q1,152124.41,153377.51,-1253.1,3889,39.12,39.44
2016-03-06,Mar,Sun,2016,3,Q1,74132.79,74332.28,-199.49,1882,39.39,39.5
2016-03-07,Mar,Mon,2016,3,Q1,91143.03,95167.53,-4024.5,2405,37.9,39.57
2016-03-08,Mar,Tue,2016,3,Q1,60528.09,62342.88,-1814.79,1577,38.38,39.53
2016-03-09,Mar,Wed,2016,3,Q1,38340.6,35918.34,2422.26,913,41.99,39.34
2016-03-10,Mar,Thu,2016,3,Q1,37453.01,35108.2,2344.81,892,41.99,39.36
2016-03-11,Mar,Fri,2016,3,Q1,77997.05,73051.68,4945.37,1855,42.05,39.38
2016-03-12,Mar,Sat,2016,3,Q1,79752.28,74962.82,4789.47,1897,42.04,39.52
2016-03-13,Mar,Sun,2016,3,Q1,37155.59,34962.83,2192.76,883,42.08,39.6
2016-03-14,Mar,Mon,2016,3,Q1,45046.51,42368.05,2678.47,1071,42.06,39.56
2016-03-15,Mar,Tue,2016,3,Q1,55489.33,52263.06,3226.28,1320,42.04,39.59
2016-03-16,Mar,Wed,2016,3,Q1,41893.3,39495.46,2397.85,997,42.02,39.61
2016-03-17,Mar,Thu,2016,3,Q1,34348.5,32292.84,2055.67,817,42.04,39.53
2016-03-18,Mar,Fri,2016,3,Q1,78276.83,73746.76,4530.07,1866,41.95,39.52
2016-03-19,Mar,Sat,2016,3,Q1,92851.4,87451.57,5399.84,2211,42,39.55
2016-03-20,Mar,Sun,2016,3,Q1,54845.79,51625.51,3220.28,1304,42.06,39.59
2016-03-21,Mar,Mon,2016,3,Q1,48037.8,45187.64,2850.16,1143,42.03,39.53
2016-03-22,Mar,Tue,2016,3,Q1,65905.72,62023.88,3881.84,1573,41.9,39.43
2016-03-23,Mar,Wed,2016,3,Q1,84870.05,81472.83,3397.22,2065,41.1,39.45
2016-03-24,Mar,Thu,2016,3,Q1,262459.51,259298.46,3161.05,6588,39.84,39.36
2016-03-25,Mar,Fri,2016,3,Q1,228124.4,222208.35,5916.05,5652,40.36,39.31
2016-03-26,Mar,Sat,2016,3,Q1,162929.49,161434.82,1494.68,4103,39.71,39.35
2016-03-27,Mar,Sun,2016,3,Q1,58359.83,57681.57,678.26,1466,39.81,39.35
2016-03-28,Mar,Mon,2016,3,Q1,85605.33,85022.38,582.95,2162,39.6,39.33
2016-03-29,Mar,Tue,2016,3,Q1,84836.41,84595.22,241.2,2155,39.37,39.26
2016-03-30,Mar,Wed,2016,3,Q1,64308.91,68427.59,-4118.68,1746,36.83,39.19
2016-03-31,Mar,Thu,2016,3,Q1,131168.49,138589.1,-7420.61,3554,36.91,39
2016-04-01,Apr,Fri,2016,4,Q2,232410.2,245358.63,-12948.43,6282,37,39.06
2016-04-02,Apr,Sat,2016,4,Q2,195831.1,205442.83,-9611.73,5259,37.24,39.06
2016-04-03,Apr,Sun,2016,4,Q2,90716.55,95543.13,-4826.59,2446,37.09,39.06
2016-04-04,Apr,Mon,2016,4,Q2,131638.02,130700.19,937.83,3345,39.35,39.07
2016-04-05,Apr,Tue,2016,4,Q2,81910.87,79969.51,1941.36,2048,40,39.05
2016-04-06,Apr,Wed,2016,4,Q2,54821.91,50800.01,4021.9,1303,42.07,38.99
2016-04-07,Apr,Thu,2016,4,Q2,155615.42,171592.13,-15976.71,4413,35.26,38.88
2016-04-08,Apr,Fri,2016,4,Q2,264086.89,291378.58,-27291.69,7494,35.24,38.88
2016-04-09,Apr,Sat,2016,4,Q2,272761.3,298164.42,-25403.12,7738,35.25,38.53
2016-04-10,Apr,Sun,2016,4,Q2,104689.43,113609.3,-8919.88,2958,35.39,38.41
2016-04-11,Apr,Mon,2016,4,Q2,131170.6,142022.81,-10852.22,3713,35.33,38.25
2016-04-12,Apr,Tue,2016,4,Q2,123179.49,132714.96,-9535.47,3504,35.15,37.88
2016-04-13,Apr,Wed,2016,4,Q2,124431.05,132889.06,-8458.01,3534,35.21,37.6
2016-04-14,Apr,Thu,2016,4,Q2,162166.84,172225.65,-10058.82,4601,35.25,37.43
2016-04-15,Apr,Fri,2016,4,Q2,354042.02,373200.31,-19158.28,10045,35.25,37.15
2016-04-16,Apr,Sat,2016,4,Q2,327352.26,345338.63,-17986.37,9301,35.2,37.13
2016-04-17,Apr,Sun,2016,4,Q2,164809.3,175167.43,-10358.13,4678,35.23,37.44
2016-04-18,Apr,Mon,2016,4,Q2,151157.79,159828.77,-8670.97,4294,35.2,37.22
2016-04-19,Apr,Tue,2016,4,Q2,126895.94,133726.28,-6830.34,3606,35.19,37.08
2016-04-20,Apr,Wed,2016,4,Q2,166395.45,179020.54,-12625.1,4838,34.39,37
2016-04-21,Apr,Thu,2016,4,Q2,167796.35,182485.1,-14688.74,4914,34.15,37.14
2016-04-22,Apr,Fri,2016,4,Q2,351146.02,380098.16,-28952.14,10269,34.19,37.01
2016-04-23,Apr,Sat,2016,4,Q2,420738.82,455415.35,-34676.53,12317,34.16,36.97
2016-04-24,Apr,Sun,2016,4,Q2,186166.15,202391.18,-16225.03,5453,34.14,37.12
2016-04-25,Apr,Mon,2016,4,Q2,251449.53,273255.1,-21805.57,7372,34.11,37.07
2016-04-26,Apr,Tue,2016,4,Q2,280321.81,302469.83,-22148.02,8211,34.14,36.84
2016-04-27,Apr,Wed,2016,4,Q2,313434.93,337931.12,-24496.18,9182,34.14,36.8
2016-04-28,Apr,Thu,2016,4,Q2,257324.6,276852.18,-19527.58,7520,34.22,36.82
2016-04-29,Apr,Fri,2016,4,Q2,455554.34,489215.07,-33660.73,13321,34.2,36.73
2016-04-30,Apr,Sat,2016,4,Q2,556865.2,598925.67,-42060.46,16276,34.21,36.8
2016-05-01,May,Sun,2016,5,Q2,354856.04,380511.16,-25655.11,10388,34.16,36.63
2016-05-02,May,Mon,2016,5,Q2,283284.58,304997.85,-21713.27,8298,34.14,36.76
2016-05-03,May,Tue,2016,5,Q2,297500.67,319786.36,-22285.69,8717,34.13,36.69
2016-05-04,May,Wed,2016,5,Q2,285968.49,305507,-19538.51,8364,34.19,36.53
2016-05-05,May,Thu,2016,5,Q2,237946.63,254527.42,-16580.78,6968,34.15,36.53
2016-05-06,May,Fri,2016,5,Q2,340851.51,364361.03,-23509.53,9973,34.18,36.53
2016-05-07,May,Sat,2016,5,Q2,388187.6,414644.62,-26457.02,11363,34.16,36.49
2016-05-08,May,Sun,2016,5,Q2,139178.98,148731.09,-9552.11,4074,34.16,36.51
2016-05-09,May,Mon,2016,5,Q2,66400.3,57741.74,8658.56,1579,42.05,36.57
2016-05-10,May,Tue,2016,5,Q2,42723.52,37112.99,5610.54,1016,42.05,36.53
2016-05-11,May,Wed,2016,5,Q2,35014.4,30393.74,4620.66,832,42.08,36.53
2016-05-12,May,Thu,2016,5,Q2,27210.41,23570.16,3640.25,647,42.06,36.43
2016-05-13,May,Fri,2016,5,Q2,79840.09,69078.71,10761.37,1898,42.07,36.4
2016-05-14,May,Sat,2016,5,Q2,82484.45,71426.01,11058.44,1961,42.06,36.42
2016-05-15,May,Sun,2016,5,Q2,51497.24,44611.94,6885.3,1224,42.07,36.45
2016-05-16,May,Mon,2016,5,Q2,42871.83,37139.31,5732.52,1019,42.07,36.45
2016-05-17,May,Tue,2016,5,Q2,39104.64,33890.36,5214.28,930,42.05,36.44
2016-05-18,May,Wed,2016,5,Q2,34406.75,29884.33,4522.42,818,42.06,36.53
2016-05-19,May,Thu,2016,5,Q2,39403.66,34229.63,5174.03,937,42.05,36.53
2016-05-20,May,Fri,2016,5,Q2,96830.9,83926,12904.9,2302,42.06,36.46
2016-05-21,May,Sat,2016,5,Q2,99380.39,86179.51,13200.88,2363,42.06,36.47
2016-05-22,May,Sun,2016,5,Q2,61656.18,53463.73,8192.45,1466,42.06,36.47
2016-05-23,May,Mon,2016,5,Q2,69163.56,59948.44,9215.12,1644,42.07,36.46
2016-05-24,May,Tue,2016,5,Q2,113112.87,117414.7,-4301.83,3224,35.08,36.42
2016-05-25,May,Wed,2016,5,Q2,253686.3,268974.57,-15288.27,7392,34.32,36.39
2016-05-26,May,Thu,2016,5,Q2,210305.29,223289.08,-12983.79,6138,34.26,36.38
2016-05-27,May,Fri,2016,5,Q2,364087.42,386499.9,-22412.47,10624,34.27,36.38
2016-05-28,May,Sat,2016,5,Q2,397480.37,421674.1,-24193.73,11590,34.3,36.38
2016-05-29,May,Sun,2016,5,Q2,204028.18,216777.32,-12749.14,5959,34.24,36.38
2016-05-30,May,Mon,2016,5,Q2,172797.94,183715.81,-10917.87,5048,34.23,36.39
2016-05-31,May,Tue,2016,5,Q2,258970.65,274386.02,-15415.36,7542,34.34,36.38
2016-06-01,Jun,Wed,2016,6,Q2,368789.57,391923.66,-23134.09,10761,34.27,36.42
2016-06-02,Jun,Thu,2016,6,Q2,278071.39,295548.24,-17476.85,8120,34.25,36.4
2016-06-03,Jun,Fri,2016,6,Q2,373959.36,396324.18,-22364.82,10896,34.32,36.37
2016-06-04,Jun,Sat,2016,6,Q2,402057.25,426466.13,-24408.88,11726,34.29,36.37
2016-06-05,Jun,Sun,2016,6,Q2,205719.45,218408.18,-12688.73,6007,34.25,36.36
2016-06-06,Jun,Mon,2016,6,Q2,177626.95,188629.75,-11002.8,5185,34.26,36.38
2016-06-07,Jun,Tue,2016,6,Q2,70441.91,60910.75,9531.16,1675,42.05,36.36
2016-06-08,Jun,Wed,2016,6,Q2,162923.85,173292.68,-10368.83,4765,34.19,36.37
2016-06-09,Jun,Thu,2016,6,Q2,138752.53,143791.48,-5038.95,3953,35.1,36.38
2016-06-10,Jun,Fri,2016,6,Q2,252458.26,261502.38,-9044.12,7190,35.11,36.37
2016-06-11,Jun,Sat,2016,6,Q2,293917.85,311853.52,-17935.67,8577,34.27,36.36
2016-06-12,Jun,Sun,2016,6,Q2,138350.12,143346.67,-4996.55,3943,35.09,36.35
2016-06-13,Jun,Mon,2016,6,Q2,130067.28,134950.57,-4883.29,3707,35.09,36.4
2016-06-14,Jun,Tue,2016,6,Q2,107168.66,111173.16,-4004.5,3054,35.09,36.4
2016-06-15,Jun,Wed,2016,6,Q2,224030.55,237934.73,-13904.18,6541,34.25,36.38
2016-06-16,Jun,Thu,2016,6,Q2,201918.22,209095.57,-7177.35,5749,35.12,36.37
2016-06-17,Jun,Fri,2016,6,Q2,329344.27,341253.33,-11909.06,9385,35.09,36.36
2016-06-18,Jun,Sat,2016,6,Q2,308642.98,327672.04,-19029.06,9012,34.25,36.36
2016-06-19,Jun,Sun,2016,6,Q2,134472.41,139385.88,-4913.47,3831,35.1,36.38
2016-06-20,Jun,Mon,2016,6,Q2,143809.72,148953.91,-5144.19,4097,35.1,36.36
2016-06-21,Jun,Tue,2016,6,Q2,123252.15,127533.01,-4280.86,3509,35.12,36.34
2016-06-22,Jun,Wed,2016,6,Q2,40067.15,34559.08,5508.07,953,42.04,36.26
2016-06-23,Jun,Thu,2016,6,Q2,143752.74,155659.53,-11906.8,4305,33.39,36.16
2016-06-24,Jun,Fri,2016,6,Q2,389904.01,422372.58,-32468.57,11667,33.42,36.2
2016-06-25,Jun,Sat,2016,6,Q2,461280.79,498910.33,-37629.54,13793,33.44,36.17
2016-06-26,Jun,Sun,2016,6,Q2,221578.7,240449.62,-18870.93,6641,33.37,36.21
2016-06-27,Jun,Mon,2016,6,Q2,253702.22,274426.08,-20723.86,7593,33.41,36.14
2016-06-28,Jun,Tue,2016,6,Q2,200616.08,217104.58,-16488.5,6007,33.4,36.14
2016-06-29,Jun,Wed,2016,6,Q2,211700.81,229023.81,-17323,6345,33.36,36.1
2016-06-30,Jun,Thu,2016,6,Q2,282757.71,305894.18,-23136.47,8482,33.34,36.06
2016-07-01,Jul,Fri,2016,7,Q3,479010.16,517742.19,-38732.04,14344,33.39,36.09
2016-07-02,Jul,Sat,2016,7,Q3,454543.29,490487.02,-35943.74,13609,33.4,36.04
2016-07-03,Jul,Sun,2016,7,Q3,242185.18,261534.91,-19349.73,7259,33.36,36.03
2016-07-04,Jul,Mon,2016,7,Q3,281531.69,304052.48,-22520.79,8431,33.39,36.06
2016-07-05,Jul,Tue,2016,7,Q3,219363.22,237026.35,-17663.13,6577,33.35,36.04
2016-07-06,Jul,Wed,2016,7,Q3,204005.58,219722.9,-15717.31,6098,33.45,36.03
2016-07-07,Jul,Thu,2016,7,Q3,69579.07,59598.92,9980.15,1654,42.07,36.03
2016-07-08,Jul,Fri,2016,7,Q3,87184.74,74654.52,12530.22,2073,42.06,36.01
2016-07-09,Jul,Sat,2016,7,Q3,78700.44,67367.38,11333.05,1871,42.06,36.01
2016-07-10,Jul,Sun,2016,7,Q3,39809.56,34091.57,5717.99,946,42.08,36.04
2016-07-11,Jul,Mon,2016,7,Q3,45839.24,39231.2,6608.04,1090,42.05,35.99
2016-07-12,Jul,Tue,2016,7,Q3,36851.76,31574.33,5277.44,876,42.07,36.04
2016-07-13,Jul,Wed,2016,7,Q3,33225.67,28489.08,4736.59,790,42.06,36.06
2016-07-14,Jul,Thu,2016,7,Q3,30423.39,26053.8,4369.59,723,42.08,36.04
2016-07-15,Jul,Fri,2016,7,Q3,80345.64,68788.09,11557.54,1910,42.07,36.01
2016-07-16,Jul,Sat,2016,7,Q3,95297.34,81655.86,13641.48,2266,42.06,36.04
2016-07-17,Jul,Sun,2016,7,Q3,45324.05,38809.81,6514.25,1078,42.04,36
2016-07-18,Jul,Mon,2016,7,Q3,51604.12,44222.78,7381.33,1227,42.06,36.04
2016-07-19,Jul,Tue,2016,7,Q3,37870.12,32436.8,5433.32,900,42.08,36.04
2016-07-20,Jul,Wed,2016,7,Q3,42723.52,36607.39,6116.13,1016,42.05,36.03
2016-07-21,Jul,Thu,2016,7,Q3,35169.92,30133.32,5036.6,836,42.07,36.04
2016-07-22,Jul,Fri,2016,7,Q3,61148.21,52384.45,8763.76,1454,42.06,36.03
2016-07-23,Jul,Sat,2016,7,Q3,77171.7,66113.83,11057.87,1835,42.06,36.03
2016-07-24,Jul,Sun,2016,7,Q3,40881.35,35019.11,5862.24,972,42.06,36.03
2016-07-25,Jul,Mon,2016,7,Q3,43085.6,36887.37,6198.23,1024,42.08,36.02
2016-07-26,Jul,Tue,2016,7,Q3,43894.99,37604.66,6290.34,1044,42.05,36.02
2016-07-27,Jul,Wed,2016,7,Q3,67780.73,58196.15,9584.58,1611,42.07,36.12
2016-07-28,Jul,Thu,2016,7,Q3,51907.94,44544.63,7363.31,1234,42.06,36.1
2016-07-29,Jul,Fri,2016,7,Q3,93508.63,80346.69,13161.94,2223,42.06,36.14
2016-07-30,Jul,Sat,2016,7,Q3,95343.6,81874.29,13469.31,2267,42.06,36.12
2016-07-31,Jul,Sun,2016,7,Q3,59514.99,51145.4,8369.59,1415,42.06,36.15
2016-08-01,Aug,Mon,2016,8,Q3,65133.97,55946.06,9187.91,1548,42.08,36.14
2016-08-02,Aug,Tue,2016,8,Q3,70641.25,60629.55,10011.7,1679,42.07,36.11
2016-08-03,Aug,Wed,2016,8,Q3,48442.17,41610.78,6831.39,1152,42.05,36.12
2016-08-04,Aug,Thu,2016,8,Q3,46291.37,39783.36,6508.01,1101,42.04,36.13
2016-08-05,Aug,Fri,2016,8,Q3,73453.14,63386.49,10066.65,1746,42.07,36.3
2016-08-06,Aug,Sat,2016,8,Q3,71508.9,61500.57,10008.32,1700,42.06,36.18
2016-08-07,Aug,Sun,2016,8,Q3,30066.13,25872.49,4193.64,715,42.05,36.19
2016-08-08,Aug,Mon,2016,8,Q3,37726.62,32490.14,5236.48,897,42.06,36.22
2016-08-09,Aug,Tue,2016,8,Q3,30831.69,26577.08,4254.62,733,42.06,36.26
2016-08-10,Aug,Wed,2016,8,Q3,146811.46,155135.63,-8324.17,4282,34.29,36.23
2016-08-11,Aug,Thu,2016,8,Q3,99867.33,103826.7,-3959.37,2867,34.83,36.21
2016-08-12,Aug,Fri,2016,8,Q3,210664.86,220379.28,-9714.41,6082,34.64,36.23
2016-08-13,Aug,Sat,2016,8,Q3,266271.04,281658.42,-15387.38,7771,34.26,36.24
2016-08-14,Aug,Sun,2016,8,Q3,123084.04,129601.53,-6517.49,3576,34.42,36.24
2016-08-15,Aug,Mon,2016,8,Q3,162727.52,168580.17,-5852.65,4649,35,36.26
2016-08-16,Aug,Tue,2016,8,Q3,114708.95,119758.06,-5049.12,3302,34.74,36.27
2016-08-17,Aug,Wed,2016,8,Q3,122318.91,128298.34,-5979.44,3536,34.59,36.28
2016-08-18,Aug,Thu,2016,8,Q3,112010.34,117374.19,-5363.85,3236,34.61,36.27
2016-08-19,Aug,Fri,2016,8,Q3,229861.47,241090.13,-11228.66,6646,34.59,36.28
2016-08-20,Aug,Sat,2016,8,Q3,249981.25,262145.18,-12163.93,7220,34.62,36.31
2016-08-21,Aug,Sun,2016,8,Q3,136480.25,143734.23,-7253.98,3958,34.48,36.31
2016-08-22,Aug,Mon,2016,8,Q3,127369.8,133350.16,-5980.36,3672,34.69,36.32
2016-08-23,Aug,Tue,2016,8,Q3,43537.73,37649.39,5888.34,1035,42.07,36.38
2016-08-24,Aug,Wed,2016,8,Q3,120407.41,127699.42,-7292,3549,33.93,35.98
2016-08-25,Aug,Thu,2016,8,Q3,226375.54,240429.69,-14054.14,6647,34.06,36.17
2016-08-26,Aug,Fri,2016,8,Q3,337900.18,358772.25,-20872.07,9908,34.1,36.21
2016-08-27,Aug,Sat,2016,8,Q3,355069.54,376755.56,-21686.02,10393,34.16,36.25
2016-08-28,Aug,Sun,2016,8,Q3,153893.69,163401.33,-9507.64,4507,34.15,36.26
2016-08-29,Aug,Mon,2016,8,Q3,159625.74,169479.11,-9853.37,4672,34.17,36.28
2016-08-30,Aug,Tue,2016,8,Q3,133961.97,142299.92,-8337.95,3924,34.14,36.26
2016-08-31,Aug,Wed,2016,8,Q3,236305.16,250572.45,-14267.3,6918,34.16,36.22
2016-09-01,Sep,Thu,2016,9,Q3,313491.74,333030.88,-19539.14,9183,34.14,36.27
2016-09-02,Sep,Fri,2016,9,Q3,370355,392493.08,-22138.08,10830,34.2,36.24
2016-09-03,Sep,Sat,2016,9,Q3,369091.06,391842.5,-22751.45,10800,34.18,36.28
2016-09-04,Sep,Sun,2016,9,Q3,209026.02,222163.73,-13137.71,6119,34.16,36.31
2016-09-05,Sep,Mon,2016,9,Q3,228177.32,242589.59,-14412.27,6685,34.13,36.29
2016-09-06,Sep,Tue,2016,9,Q3,154494.78,164108.83,-9614.04,4519,34.19,36.32
2016-09-07,Sep,Wed,2016,9,Q3,50736.47,43830.2,6906.28,1206,42.07,36.34
2016-09-08,Sep,Thu,2016,9,Q3,43292.15,37391.68,5900.47,1029,42.07,36.34
2016-09-09,Sep,Fri,2016,9,Q3,77335.92,69612.13,7723.79,1917,40.34,36.31
2016-09-10,Sep,Sat,2016,9,Q3,85070.23,76591.85,8478.38,2108,40.36,36.33
2016-09-11,Sep,Sun,2016,9,Q3,48831.67,44014.23,4817.43,1211,40.32,36.35
2016-09-12,Sep,Mon,2016,9,Q3,52075.16,46884.14,5191.01,1291,40.34,36.32
2016-09-13,Sep,Tue,2016,9,Q3,30424.73,27398.59,3026.14,755,40.3,36.29
2016-09-14,Sep,Wed,2016,9,Q3,20495.11,18375.05,2120.06,508,40.34,36.17
2016-09-15,Sep,Thu,2016,9,Q3,40742.17,36464.76,4277.41,1010,40.34,36.1
2016-09-16,Sep,Fri,2016,9,Q3,69864.84,62545.19,7319.65,1733,40.31,36.09
2016-09-17,Sep,Sat,2016,9,Q3,100120.71,89572.41,10548.3,2482,40.34,36.09
2016-09-18,Sep,Sun,2016,9,Q3,49825.1,44593.8,5231.3,1235,40.34,36.11
2016-09-19,Sep,Mon,2016,9,Q3,46566.46,41660.44,4906.02,1155,40.32,36.07
2016-09-20,Sep,Tue,2016,9,Q3,37923.77,34031.15,3892.62,940,40.34,36.2
2016-09-21,Sep,Wed,2016,9,Q3,50084.81,44832.21,5252.6,1241,40.36,36.13
2016-09-22,Sep,Thu,2016,9,Q3,41885.83,37565.48,4320.35,1039,40.31,36.16
2016-09-23,Sep,Fri,2016,9,Q3,147503.57,131964.52,15539.06,3657,40.33,36.09
2016-09-24,Sep,Sat,2016,9,Q3,151639.18,135498.16,16141.02,3758,40.35,36.06
2016-09-25,Sep,Sun,2016,9,Q3,72457.3,64758.5,7698.79,1797,40.32,36.04
2016-09-26,Sep,Mon,2016,9,Q3,67355.06,60179.02,7176.04,1671,40.31,36.01
2016-09-27,Sep,Tue,2016,9,Q3,58941.79,52812.78,6129.01,1462,40.32,36.12
2016-09-28,Sep,Wed,2016,9,Q3,58796.79,57168.56,1628.22,1581,37.19,36.16
2016-09-29,Sep,Thu,2016,9,Q3,57019.39,55187.38,1832.01,1534,37.17,35.98
2016-09-30,Sep,Fri,2016,9,Q3,155918.38,151036.45,4881.94,4216,36.98,35.82
2016-10-01,Oct,Sat,2016,10,Q4,208489.09,201416.84,7072.25,5632,37.02,35.76
2016-10-02,Oct,Sun,2016,10,Q4,118580.47,113346.96,5233.52,3173,37.37,35.72
2016-10-03,Oct,Mon,2016,10,Q4,142758.88,126506.34,16252.54,3540,40.33,35.74
2016-10-04,Oct,Tue,2016,10,Q4,96620.99,85491.83,11129.15,2397,40.31,35.67
2016-10-05,Oct,Wed,2016,10,Q4,78861.59,69675.43,9186.17,1955,40.34,35.64
2016-10-06,Oct,Thu,2016,10,Q4,70279.47,61976.31,8303.17,1740,40.39,35.62
2016-10-07,Oct,Fri,2016,10,Q4,87748.86,77446.61,10302.25,2176,40.33,35.59
2016-10-08,Oct,Sat,2016,10,Q4,92053.33,81209.25,10844.08,2283,40.32,35.57
2016-10-09,Oct,Sun,2016,10,Q4,51751.38,45607.23,6144.15,1284,40.3,35.52
2016-10-10,Oct,Mon,2016,10,Q4,50934.98,44983.78,5951.21,1263,40.33,35.62
2016-10-11,Oct,Tue,2016,10,Q4,36113.93,31885.29,4228.65,896,40.31,35.59
2016-10-12,Oct,Wed,2016,10,Q4,31023.36,27817.64,3205.72,768,40.39,36.22
2016-10-13,Oct,Thu,2016,10,Q4,22334.21,19704.09,2630.12,521,42.87,37.82
2016-10-14,Oct,Fri,2016,10,Q4,69440.93,62070.75,7370.18,1618,42.92,38.36
2016-10-15,Oct,Sat,2016,10,Q4,92159.03,83371.82,8787.21,2147,42.92,38.83
2016-10-16,Oct,Sun,2016,10,Q4,57296.29,52701.29,4594.99,1335,42.92,39.48
2016-10-17,Oct,Mon,2016,10,Q4,57184.94,51764.94,5420,1332,42.93,38.86
2016-10-18,Oct,Tue,2016,10,Q4,40951.1,37288.62,3662.48,954,42.93,39.09
2016-10-19,Oct,Wed,2016,10,Q4,37672.45,33678.46,3993.99,877,42.96,38.4
2016-10-20,Oct,Thu,2016,10,Q4,38648.14,35038.07,3610.07,906,42.66,38.67
2016-10-21,Oct,Fri,2016,10,Q4,96020.55,86810.28,9210.27,2249,42.69,38.6
2016-10-22,Oct,Sat,2016,10,Q4,105662.59,95930.02,9732.58,2472,42.74,38.81
2016-10-23,Oct,Sun,2016,10,Q4,54738.48,49990.52,4747.96,1280,42.76,39.06
2016-10-24,Oct,Mon,2016,10,Q4,40131.57,36347.7,3783.87,940,42.69,38.67
2016-10-25,Oct,Tue,2016,10,Q4,70402.99,63452.76,6950.23,1650,42.67,38.46
2016-10-26,Oct,Wed,2016,10,Q4,62501.74,56100.87,6400.87,1467,42.61,38.24
2016-10-27,Oct,Thu,2016,10,Q4,53675.22,48201.94,5473.28,1257,42.7,38.35
2016-10-28,Oct,Fri,2016,10,Q4,102606.33,92657.7,9948.63,2405,42.66,38.53
2016-10-29,Oct,Sat,2016,10,Q4,124988.16,113187.85,11800.31,2929,42.67,38.64
2016-10-30,Oct,Sun,2016,10,Q4,67521.04,61233.72,6287.32,1582,42.68,38.71
2016-10-31,Oct,Mon,2016,10,Q4,70020.6,62316.15,7704.44,1639,42.72,38.02
2016-11-01,Nov,Tue,2016,11,Q4,126954.17,110698.74,16255.43,2971,42.73,37.26
2016-11-02,Nov,Wed,2016,11,Q4,97558.25,86203.88,11354.37,2284,42.71,37.74
2016-11-03,Nov,Thu,2016,11,Q4,97039.01,89413.42,7625.59,2266,42.82,39.46
2016-11-04,Nov,Fri,2016,11,Q4,168349.27,156675.59,11673.68,3938,42.75,39.79
2016-11-05,Nov,Sat,2016,11,Q4,202017.42,189394.69,12622.73,4720,42.8,40.13
2016-11-06,Nov,Sun,2016,11,Q4,108459,102250.17,6208.83,2537,42.75,40.3
2016-11-07,Nov,Mon,2016,11,Q4,112536.38,105978.48,6557.89,2621,42.94,40.43
2016-11-08,Nov,Tue,2016,11,Q4,100479.93,94692.48,5787.45,2341,42.92,40.45
2016-11-09,Nov,Wed,2016,11,Q4,81649.69,77081.66,4568.03,1901,42.95,40.55
2016-11-10,Nov,Thu,2016,11,Q4,71529.16,67551.25,3977.91,1666,42.93,40.55
2016-11-11,Nov,Fri,2016,11,Q4,160938.6,152555.42,8383.18,3748,42.94,40.7
2016-11-12,Nov,Sat,2016,11,Q4,164998.84,156263.15,8735.7,3843,42.93,40.66
2016-11-13,Nov,Sun,2016,11,Q4,97946.78,93112.61,4834.17,2281,42.94,40.82
2016-11-14,Nov,Mon,2016,11,Q4,87834.25,83068.27,4765.98,2046,42.93,40.6
2016-11-15,Nov,Tue,2016,11,Q4,95509.13,88104.2,7404.93,2181,43.79,40.4
2016-11-16,Nov,Wed,2016,11,Q4,77229.97,71428.87,5801.1,1763,43.81,40.52
